koUniv,continent,country,city,forUniv,TO,period,lang
경희대,유럽,리투아니아,, LCC International University,2,9월 ~ 12월,"IBT 72, ITP 533, IELTS 6.0"
경희대,남미,멕시코,, Tecnológico de Monterrey,1,1학기,1
경희대,유럽,핀란드,,Åbo Akademi University,2,9월 ~ 12월,"IBT 78, ITP 540, IELTS 6.0"
경희대,아시아,중국,,Beijing Foresty University,2,9월 ~ 1월,HSK 4급 이상
경희대,유럽,터키,,Bilkent University,2,9월 ~ 12월,"IBT 79, ITP 550, IELTS 6.0,"
경희대,유럽,프랑스,,"Business School, Université Aix-Marseille",2,8월 ~ 12월,"IBT 90,  ITP 580, IELTS 6.5
*대학원 수업을 듣게 됨에 따라 충분한 어학 필요"
경희대,유럽,체코,,Charles University,1,10월 ~ 1월,"IBT 72, ITP 543, IELTS 5.5(Academic)"
경희대,아시아,인도,,Chitkara University,2,7월 ~ 12월,"IBT 72, ITP 533, IELTS 6.0"
경희대,아시아,홍콩,,City University of Hong Kong,3,9월 ~ 12월,"IBT 79, IELTS 6.5 
(law course는, IBT 100, IELTS 7.0)"
경희대,아시아,일본,,Dokkyo University,4,9월 ~ 1월,"JLPT N3 이상
*점수가 없을 경우 지원 가능하지만, 추후 파견교의 일본어 시험 후 언어 수업 or 학부 수업 이수 가능여부가 결정남"
경희대,유럽,스위스,,"Eastern Switzerland University of Applied Sciences (OST) 
(구: FHS St.Gallen, University of Applied Sciences)",2,9월 ~ 1월,"IBT 79, IELTS Academic 6.0 이상"
경희대,유럽,프랑스,,EDHEC Business School,3,8월 ~ 12월,"IBT 72, ITP 533, IELTS 6.0"
경희대,유럽,프랑스,,EPITA,5,9월 ~ 2월,"IBT 80, ITP 550, IELTS 6.0 
* 추후 Skype를 통한 English level test 가 요청될 수 있음
* ITP 제출자는 TOEIC 750이상 제출 필요할 수 있음"
경희대,유럽,러시아,,Far Eastern Federal University,3,1학기~1년,3
경희대,유럽,오스트리아,,FH JOANNEUM University of Applied Sciences,2,9월 ~ 2월,"IBT 72, ITP 533, IELTS 6.0"
경희대,아시아,일본,,Fukuoka University,2,9월 ~1월,"학부 수업 JLPT N1/N2 이상 
*Japanese language and culture course는 자격요건 없음"
경희대,아시아,일본,,Hiroshima University,2,10월 ~ 3월,JLPT Level N2 
경희대,아시아,베트남,,Hong Bang International University,2,9월 ~ 1월,"IBT 79, ITP 570, IELTS 6.0
"
경희대,아시아,일본,,J.F Oberlin University,2,9월 ~ 1월,"JLPT N2 이상 
*코로나로 인해 한시적으로 교수님 추천서로 대체 예정"
경희대,북미,미국,,James Madison University,2,8월 ~ 12월,"ITP550, IBT80, IELTS 6.5"
경희대,아시아,중국,,"Jiangxi University of Finance
 and Economics",4,9월 ~ 1월,"IBT 72, ITP 533, IELTS 6.0"
경희대,아시아,일본,,Kanda University of International Studies,2,9월 ~ 1월,"학부 수업 JLPT N1
*Japanese Language and Culture Program 정규과정만 수강할 시 자격요건 없으나 기초적 일본어 실력 요구"
경희대,아시아,일본,,Kansai University,1,9월 ~ 1월,"・JLPT N2이상
・J.TEST (Test of Practical Japanese) Level C 이상
・CEFR B2 이상
*Also this is just a rough standard so if the students' level of Japanese is advanced enough, they can take undergraduate courses.

*영어수업 수강시: 
・GTEC 260이상
・TOEFL ITP 505이상　
・TOEFL iBT 60이상
・TOEIC 580이상
・CEFR B1이상"
경희대,아시아,태국,,KASETSART University,2,8월 ~ 12월,"IBT 72, ITP 533, IELTS 6.0"
경희대,아시아,일본,,Kindai University,2,"9월 ~ 2월
(오리엔테이션위해 8월에 입국 필요)
","JLPT N1 or N2
*필요"
경희대,아시아,일본,,Kyoto Sangyo University,2,9월 ~ 2월,"JLPT N3 이상
*코로나로 인해 한시적으로 교수님 확인서(자매교 자체 양식) 제출로 대체 가능"
경희대,유럽,스웨덴,,"Linköping University
(Faculty of Science and Engineering)",4,8월 ~ 12월,"IBT 72, ITP 533, IELTS 6.0"
경희대,유럽,스웨덴,,Malmö University,2,9월 ~ 1월,"IBT 90(writing 20), 
IELTS 6.5이상, 각 파트 5.5 이상
*파트별 성적 확인"
경희대,유럽,오스트리아,,Management Center Innsbruck  ,2,9월(10월) ~ 2월,"IBT 85, IELTS 6.0"
경희대,아시아,일본,,Mejiro University,3,9월 ~ 1월,"JLPT N2 이상 
*코로나로 인해 한시적으로 교수님 추천서로 대체 예정 (대략적인 JLPT 수준 명시 필요)"
경희대,북미,캐나다,,Memorial University of Newfoundland,3,9월 ~ 12월,"IBT 79, IELTS 6.5"
경희대,아시아,중국,,Minzu University of China,2,9월 ~ 1월,"HSK 5급 이상
*Chinese language program으로 파견교환 지원하는 학생은 언어 성적 필요없음"
경희대,유럽,러시아,,Moscow State Linguistic University,2,1학기,2
경희대,북미,캐나다,,Mount Royal University,2,9월 ~ 12월,"IBT 80 (min.20 for each section), IELTS 6.5 (min 5.5 on each band)

https://www.mtroyal.ca/Admission/_pdfs/EnglishLanguageProficiency_0320.pdf"
경희대,아시아,일본,,Nagoya University,2,10월 ~ 2월,JLPT N1
경희대,아시아,중국,,Nanjing University,1,9월 ~ 12월,"IBT 72, ITP 533, IELTS 6.0"
경희대,아시아,중국,,Nanjing University,1,9월 ~ 1월,HSK 5급 이상
경희대,아시아,대만,,National Cheng Kung University,4,9월 ~ 1월,"HSK 3급 이상

*과마다 상이http://ird.oia.ncku.edu.tw/p/412-1067-16064.php?Lang=en
☞Application ☞ Department Requirements for Exchange Students at NCKU, AY2020/2021 참조
*정확한 기준점수가 나와있지 않을경우, 중국어점수 HSK 3급 이상, 영어점수 IBT 72, ITP 533, IELTS 6.0, TOEIC 785 이상"
경희대,아시아,중국,,National Chengchi University,4,9월 ~ 1월,"IBT 80, IELTS 6.0 "
경희대,아시아,대만,,National Taiwan Normal University,4,9월 ~ 1월,"HSK 4급 이상
► Department of History : TOCFL Level 4 or New HSK 6

► Department of Chinese as a Second Language: 
  - Undergraduate: Certificate of taken 180-hours of Chinese courses

► Department of East Asian Studies:
  * Non-Chinese-speaking Students
  - Undergraduate: TOCFL Level 3 or HSK Level 5

  * Chinese-speaking Students
  (1) TOFLE iBT 71 or
  (2) IELT 5.5 or
  (3) TOEIC 750 or
  (4) College English Test (全國大學英語考試) : CET 4 or
  (5) Public English Test System (全國英語等級考試) : PETS 3"
경희대,아시아,대만,,National Taiwan University,2,9월 ~ 1월,"IBT 72, ITP 533, IELTS 6.0"
경희대,아시아,대만,,National Tsing Hua University,4,9월 ~ 1월,"IBT 72, ITP 533, IELTS 6.0"
경희대,아시아,중국,,Northeastern University,3,9월 ~ 1월,HSK 5급 이상
경희대,아시아,중국,,"Northwestern Polytechnical 
University",1,8월 ~ 1월,"IBT 80, IELTS 6.5 "
경희대,아시아,중국,,Northwestern Polytechnical University,2,9월 ~ 1월,HSK 4급 이상
경희대,유럽,핀란드,,Oulu University of Applied Sciences,2,8월 ~ 1월,"IBT 79 ITP 550, IELTS 6.0"
경희대,유럽,프랑스,,Rennes School of Business,2,9월 ~ 12월,"IBT 79, ITP 550, IELTS 6.0"
경희대,아시아,일본,,Ritsumeikan Asia Pacific University,1,9월 ~ 2월,"IBT 79, IELTS 6.0"
경희대,아시아,일본,,Ritsumeikan University,2,9월 ~ 1월,"IBT 72, ITP 533, IELTS 6.0"
경희대,유럽,네덜란드,,Saxion University of Applied Sciences,2,9월 ~ 12월,"IBT 80, ITP 550, IELTS 6.0
*지원 과정 별 requirement 확인"
경희대,유럽,스웨덴,,"School of Education and Communication, Jonkoping Univ  ",5,8월 ~ 1월,"IBT 90 (writing 20), ITP 590,
IELTS 6.5 각 부분 5.5이상
*파트별 성적 확인"
경희대,유럽,영국,,SOAS University of London,3,9월 ~ 12월,"IBT 100, IELTS 6.5 (6.5 writing and 6.0 in remaing sub categories)
*언어수업 수강이 필요할 수 있음

IBT 105, IELTS 7.0 (overall w/ 6.5 in sub categories)
*언어수강 없이 direct

https://www.soas.ac.uk/studyabroad/requirements/"
경희대,유럽,벨기에,,Solvay Brussels School of Economics and Management,2,9월 ~ 1월,"IBT 72, ITP 533, IELTS 6.0"
경희대,아시아,대만,,Tamkang University,2,9월 ~ 1월,HSK 3급 이상
경희대,남미,멕시코,,Tecnológico de Monterrey,1,9월 ~ 12월,"IBT 80, ITP 550, IELTS 6.5"
경희대,아시아,태국,,Thammasat University,2,8월 ~ 12월,"IBT 72~80 (MyBest scores are not accepted), IELTS 6.0~6.5
*과마다 다르므로 아래 링크에서 개별 확인 필요
http://oia.tu.ac.th/index.php?option=com_content&view=article&id=371&Itemid=381"
경희대,아시아,홍콩,,The Hong Kong Polytechnic University,2,9월 ~ 12월,"IBT 80, IELTS 6.0"
경희대,아시아,일본,,Tokyo University of Foreign Studies,2,10월 ~ 1월,"JLPT Level N2 
(Level N1 preferred) "
경희대,유럽,러시아,,Tomsk Polytechnic University,4,1학기~1년,4
경희대,아시아,말레이시아,,UCSI University,5,9월 ~ 12월,"IBT 72, ITP 533, IELTS 6.0
* 학점 3.01/4.3 이상"
경희대,남미,멕시코,,Universidad Autonoma de Baja California,3,1학기,2
경희대,유럽,스페인,,Universidad Camilo Jose Cela,2,1학기,"IBT 72, ITP 533, IELTS 6.0"
경희대,유럽,스페인,,Universidad de Castilla-La Mancha,2,1학기,1
경희대,남미,코스타리카,,Universidad de Costa Rica,2,1학기,"IBT 72, ITP 533, IELTS 6.0"
경희대,유럽,스페인,,Universidad de Las Palmas de Gran Canaria,3,1학기,2
경희대,유럽,스페인,,"Universidad de Santiago 
de Compostela",2,1학기,"IBT 70, ITP 550, IELTS 5.5"
경희대,유럽,스페인,,Universidad de Vigo,1,1학기,"IBT 80, ITP 550, IELTS 6.5"
경희대,남미,콜롬비아,,Universidad EAFIT,2,7월 ~ 11월,1
경희대,남미,콜롬비아,,Universidad EAFIT ,1,1학기,"IBT 80, IELTS 6.5 
(도착 후 어학테스트있음)
프랑스어권: https://international.umontreal.ca/fileadmin/international/documents/Mobilite/Programs_with_particularities2021.pdf"
경희대,남미,멕시코,,Universidad Internacional,2,8월 ~ 12월,"IBT 79, ITP 550, IELTS 6.0"
경희대,남미,우루과이,,Universidad ORT Urguay,2,1학기,3
경희대,아시아,인도네시아,,Universitas Gadjah Mada,2,8월 ~ 12월,"IBT 72, IELTS 6.0"
경희대,아시아,인도네시아,,Universitas Indonesia,4,8월 ~ 12월,"IBT 72, ITP 533, IELTS 6.0
Upper B2 minimum (C1 preferred)"
경희대,유럽,프랑스,,Universite de Limoges,1,1학기~1년,2
경희대,북미,캐나다,,Universite de Montreal,2,9월 ~ 12월,"IBT 79, ITP 533, IELTS 6.0"
경희대,아시아,말레이시아,,Universiti Kebangsaan Malaysia (UKM),2,10월 ~ 2월,"IBT79, IELTS 6.0 (college of management= IELTS 6.5)"
경희대,유럽,프랑스,,University of Aix-Marseille,3,1학기~1년,"IBT 72, ITP 533, IELTS 6.0"
경희대,북미,미국,,University of Akron,1,8월 ~ 12월,"IBT 72 (My Best Score is not allowed), IELTS 6.0
https://www.uio.no/english/studies/admission/exchange/english-requirements.html"
경희대,유럽,독일,,University of Bremen,2,10월 ~ 3월,"IBT 92 (my best score is acceptable), IELTS 6.5 "
경희대,유럽,프랑스,,University of La Rochelle,2,1학기~1년,HSK 3급 이상
경희대,유럽,슬로베니아,,University of Ljubljana,2,10월 ~ 2월,"IBT 72, ITP 533, IELTS 6.0"
경희대,북미,미국,,University of Massachusetts Boston,1,9월 ~ 12월,"IBT 72, ITP 533, IELTS 6.0"
경희대,북미,미국,,University of North Carolina Wilmington,1,8월 ~ 12월,"TOEFL 80 (MyBest scores acceptable), IELTS 6.0"
경희대,유럽,노르웨이,,University of Oslo,3,8월 ~ 12월,"IBT 92 (my best score is acceptable), IELTS 6.5 "
경희대,북미,캐나다,,University of Ottawa,2,9월 ~ 12월,HSK 3급 이상
경희대,아시아,중국,,University of Shanghai For Science and Technology,2,9월 ~ 12월,"IBT 72, ITP 533, IELTS 6.0"
경희대,유럽,핀란드,,University of Turku,2,8월 ~ 12월,"IBT 72, ITP 533, IELTS 6.0"
경희대,유럽,스페인,,University of Vigo,2,9월 ~ 12월,"TOEFL 80 (MyBest scores acceptable), IELTS 6.0"
경희대,유럽,핀란드,,Vaasa University of Applied Sciences,2,8월 ~ 12월,"IBT 72, ITP 533, IELTS 6.0
Upper B2 minimum (C1 preferred)"
숭실대,북미,미국,,Black Hills State University,-,-,A-2
숭실대,북미,미국,,"Colorado State University, Pueblo",-,-,A-2
숭실대,북미,미국,,Kennesaw State University,-,-,A-2
숭실대,북미,미국,,Northwest University,-,-,A-2
숭실대,북미,미국,,The Florida State University,-,-,A-1
숭실대,북미,미국,,University of Guam,-,-,A-2
숭실대,북미,미국,,The University of Oklahoma,-,-,A-1
숭실대,북미,미국,,Jacksonville State University,-,-,A-2
숭실대,북미,미국,,Emporia State University,-,-,A-2
숭실대,북미,미국,,The University of South Dakota ,-,-,A-2
숭실대,유럽,영국,,University of Keele,-,-,A-2
숭실대,유럽,영국,,University of Central Lancashire,-,-,A-2
숭실대,북미,캐나다,,Concordia University,-,-,A-1
숭실대,북미,캐나다,,"Université du Québec, Montréal",-,-,D-1
숭실대,오세아니아,호주,,Charles Sturt University,-,-,A-2
숭실대,오세아니아,뉴질랜드,,Auckland University of Technology,-,-,A-2
숭실대,유럽,그리스,,Athens University of Economics and Business,-,-,A-3
숭실대,유럽,네덜란드,,Fontys University of Applied Sciences ,-,-,A-2
숭실대,유럽,네덜란드,,Hanze University of Applied Sciences,-,-,A-2
숭실대,유럽,네덜란드,,Radboud University,-,-,A-2
숭실대,유럽,네덜란드,,Saxion University of Applied Sciences,-,-,A-2
숭실대,유럽,네덜란드,,The Hague University of Applied Sciences,-,-,A-2
숭실대,유럽,네덜란드,,Tio University of Applied Sciences,-,-,A-2
숭실대,유럽,덴마크,,University College South Denmark,-,-,A-2
숭실대,유럽,독일,,Augsburg University of Applied Sciences,-,-,"A-3, E-2"
숭실대,유럽,독일,,"Baden-Wuerttemberg Cooperative State
University Heidenheim",-,-,"A-3, E-2"
숭실대,유럽,독일,,Darmstadt University of Applied Sciences,-,-,A-3
숭실대,유럽,독일,,Dresden University of Applied Sciences,-,-,"A-3, E-2"
숭실대,유럽,독일,,European University of Applied Sciences,-,-,"A-3, E-2"
숭실대,유럽,독일,,TH Köln – University of Applied Sciences,-,-,A-2
숭실대,유럽,독일,,Furtwangen University of Applied Sciences,-,-,A-2
숭실대,유럽,독일,,Heinrich Heine University Dusseldorf,-,-,"A-3, E-2"
숭실대,유럽,독일,,Hof University of Applied Sciences,-,-,"A-3, E-1"
숭실대,유럽,독일,,Kaiserslautern University of Applied Sciences,-,-,"TOEIC 850
TOEFL iBT 87
IELTS 6.0
TOEFL ITP 545"
숭실대,유럽,독일,,Regensburg University of Applied Sciences,-,-,"A-3, E-2"
숭실대,유럽,독일,,University of Braunschweig of Technology,-,-,"A-2, E-1 "
숭실대,유럽,독일,,Viadrina European University,-,-,A-2
숭실대,유럽,독일,,Worms University of Applied Sciences,-,-,"A-3, E-2"
숭실대,유럽,독일,,Alice Salomon University of Applied Sciences,-,-,"A-3, E-2"
숭실대,유럽,독일,,Aachen University of Applied Sciences,-,-,"A-3, E-2"
숭실대,유럽,독일,,Leuphana University of Luneburg,-,-,"A-3, E-2"
숭실대,유럽,독일,,Muenster University of Applied Sciences,-,-,"A-3, E-2 *변동가능"
숭실대,유럽,라트비아,,BA School of Business and Finance,-,-,A-4
숭실대,유럽,라트비아,,Liepaja University,-,-,A-4
숭실대,유럽,러시아,,Moscow State University ,-,-,A-2
숭실대,유럽,러시아,,Rostov State University of Economics,-,-,A-3
숭실대,유럽,러시아,,Ural Federal University,-,-,A-4
숭실대,유럽,러시아,,University of Tyumen,-,-,A-4 *변동가능
숭실대,유럽,러시아,,(Banzarov) Buryat State University,-,-,A-3
숭실대,유럽,러시아,,Moscow State Linguistic University,-,-,A-3
숭실대,유럽,루마니아,,Alexandru Ioan Cuza University,-,-,A-2
숭실대,유럽,루마니아,,Lucian Blaga University of Sibiu,-,-,A-2 *변동가능
숭실대,유럽,리투아니아,,Vytautas Magnus University,-,-,A-3
숭실대,유럽,벨기에,,University of Mons,-,-,D-2
숭실대,유럽,스웨덴,,Umeå University,-,-,A-2
숭실대,유럽,스위스,,Geneva School of Business Administration,-,-,A-2
숭실대,유럽,스페인,,Polytechnic University of Catalonia,-,-,"A-3, DELE B1"
숭실대,유럽,스페인,,Rey Juan Carlos University,-,-,"A-2, DELE B1"
숭실대,유럽,스페인,,University Center for Technology and Digital Art,-,-,"A-3, DELE B1"
숭실대,유럽,스페인,,University of Alicante,-,-,"A-3, DELE B1"
숭실대,유럽,스페인,,University of Barcelona,-,-,"A-2, DELE B1"
숭실대,유럽,스페인,,University of Cantabria ,-,-,DELE B1
숭실대,유럽,스페인,,University of A Coruña,-,-,"A-3, DELE B1"
숭실대,유럽,스페인,,University of Jaén,-,-,"A-3, DELE B1"
숭실대,유럽,스페인,,University of Santiago de Compostela,-,-,"A-3, DELE B1"
숭실대,유럽,스페인,,University of Seville,-,-,"A-3, DELE C1"
숭실대,유럽,스페인,,University of Vigo ,-,-,"A-3, DELE B1"
숭실대,유럽,스페인,,University of Malaga,-,-,"A-3, DELE B1"
숭실대,유럽,스페인,,Universitat Abat Oliba CEU,-,-,"A-3, DELE B1 *변동가능"
숭실대,유럽,아일랜드,,Dublin Institute of Technology,-,-," TOEFL iBT 70
IELTS 5.5"
숭실대,유럽,아제르바이잔,,Azerbaijan University of Languages,-,-,A-2
숭실대,유럽,아제르바이잔,,Khazar University,-,-,A-2
숭실대,유럽,아제르바이잔,,ADA University,-,-,A-3
숭실대,유럽,에스토니아,,University of Tartu,-,-,A-2
숭실대,유럽,오스트리아,,Vorarlberg University of Applied Sciences,-,-,A-2
숭실대,유럽,오스트리아,,"FHWIEN Der WKW 
(University of Applied Sciences for Management & Communication)",-,-,A-2
숭실대,유럽,이탈리아,,Carlo Cattaneo University ,-,-,A-4
숭실대,유럽,이탈리아,,University of Salerno,-,-,"CELI B2,
CILS B2"
숭실대,유럽,이탈리아,,University of Verona,-,-,A-4
숭실대,유럽,이탈리아,,University of Rome Tor Vergata,-,-,A-4
숭실대,유럽,이탈리아,,University of Siena,-,-,A-3
숭실대,유럽,이탈리아,,Sapienza University of Rome,-,-,A-1
숭실대,유럽,체코,,Metropolitan University Prague,-,-,A-3
숭실대,유럽,체코,,Tomas Bata University,-,-,A-3
숭실대,유럽,체코,,University of Hradec Králové,-,-,A-3
숭실대,유럽,체코,,University of Ostrava,-,-,A-3 *변동가능
숭실대,유럽,체코,,Brno University of Technology,-,-,A-3 *변동가능
숭실대,유럽,크로아티아,,Algebra University College,-,-,A-3
숭실대,유럽,터키,,Ankara University,-,-,A-2
숭실대,유럽,터키,,Dicle University,-,-,A-2
숭실대,유럽,터키,,Erciyes University,-,-,A-2
숭실대,유럽,터키,,Istanbul Aydin University,-,-,A-2
숭실대,유럽,터키,,Altınbaş University,-,-,A-2
숭실대,유럽,터키,,Marmara University,-,-,A-4
숭실대,유럽,터키,,Sinop University,-,-,A-3
숭실대,아시아,키르기즈스탄,,Osh Technological University,-,-,A-4
숭실대,유럽,포르투갈,,Polytechnical Institute of Coimbra,-,-,"A-3,
Celpe-bras
Intermediario
Superior"
숭실대,유럽,폴란드,,Kozminski University,-,-,A-3
숭실대,유럽,폴란드,,University of Economics in Katowice,-,-,A-3
숭실대,유럽,프랑스,,Audencia Nantes School of Management,-,-,A-2
숭실대,유럽,프랑스,,Ecole de Management de Normandie,-,-,"TOEFL IBT 80
IELTS 6.0
TOEIC 800,
D-1"
숭실대,유럽,프랑스,,ESSCA School of Management,-,-,A-3
숭실대,유럽,프랑스,,ESCE International Business School,-,-,A-3
숭실대,유럽,프랑스,,GES Schools' Network,-,-,"A-2, D-2"
숭실대,유럽,프랑스,,Jean Monnet University,-,-,"A-4, D-3"
숭실대,유럽,프랑스,,Pôle Universitaire Léonard de Vinci,-,-,"A-4, D-3"
숭실대,유럽,프랑스,,SciencesCom ,-,-,A-2
숭실대,유럽,프랑스,,Toulouse Business School,-,-,"A-4, D-3"
숭실대,유럽,프랑스,,University of Clermont-Ferrand,-,-,"A-4, D-3"
숭실대,유럽,프랑스,,University of Burgundy,-,-,A-3
숭실대,유럽,프랑스,,University of the Littoral Opal Coast,-,-,"A-4, D-3"
숭실대,유럽,프랑스,,University Paris-Est Créteil,-,-,"A-4, D-3"
숭실대,유럽,프랑스,,University Savoie Mont Blanc,-,-,"A-4, D-3"
숭실대,유럽,프랑스,,Ecole de Management Bretagne Atlantique,-,-,A-3
숭실대,유럽,프랑스,,Université Bordeaux Montaigne,-,-,D-2
숭실대,유럽,프랑스,,École pour l'informatique et les nouvelles technologies,-,-,"A-4, D-3"
숭실대,유럽,프랑스,,L'école supérieure des professions immobilières,-,-,"A-4, D-3"
숭실대,유럽,프랑스,,University of Paris 13,-,-,A-2
숭실대,유럽,프랑스,,Higher Institute Management And Communication,-,-,A-3
숭실대,유럽,핀란드,,Helsinki Metropolia University of Applied Sciences,-,-,A-4
숭실대,유럽,핀란드,,Oulu University of Applied Sciences,-,-,A-4
숭실대,유럽,핀란드,,Savonia University of Applied Sciences,-,-,A-2
숭실대,유럽,핀란드,,Tampere University of Applied Sciences ,-,-,A-2
숭실대,유럽,헝가리,,Budapest Metropolitan University,-,-,A-3
숭실대,유럽,헝가리,,Károli Gáspár University of the Reformed Church in Hungary,-,-,A-3
숭실대,남미,과테말라,,Rafael Landivar University,-,-,"A-3, DELE B1"
숭실대,남미,도미니카공화국,,Santo Domingo Institute of Technology,-,-,"A-3, DELE B1"
숭실대,남미,도미니카공화국,,Ibero-Americana University,-,-,"A-3, DELE B1"
숭실대,남미,멕시코,,Regiomontana University,-,-,"A-3, DELE B1"
숭실대,남미,멕시코,,University of Monterrey,-,-,"A-3, DELE B1"
숭실대,남미,멕시코,,Sonora Institute of Technology,-,-,"A-3, DELE B1"
숭실대,남미,멕시코,,"Universidad La Salle, Laguna",-,-,"A-3, DELE B1"
숭실대,남미,멕시코,,The Business School of Mexico,-,-,A-3
숭실대,남미,브라질,,Pontifical Catholic University of Minas Gerais,-,-,"A-3,
Celpe-bras
Intermediario
Superior"
숭실대,남미,브라질,,São Paulo State University,-,-,"A-3,
Celpe-bras
Intermediario
Superior"
숭실대,남미,브라질,,University of Vale Do Itajai,-,-,"A-3,
Celpe-bras
Intermediario
Superior"
숭실대,남미,브라질,,Federal University of Viçosa,-,-,"A-3,
Celpe-bras
Intermediario
Superior"
숭실대,남미,브라질,,University Center - Senac,-,-,"A-3,
Celpe-bras
Intermediario
Superior"
숭실대,남미,브라질,,University of Fortaleza,-,-,"A-3,
Celpe-bras
Intermediario
Superior"
숭실대,남미,브라질,,Positivo University,-,-,"Celpe-bras
Intermediario
Superior"
숭실대,남미,아르헨티나,,National University of Cuyo,-,-,"A-3, DELE B1"
숭실대,남미,아르헨티나,,Universidad de Mendoza,-,-,"A-3, DELE B1"
숭실대,남미,에콰도르,,"Espiritu Santo University, Guayaquil",-,-,"A-3, DELE B1"
숭실대,남미,에콰도르,,Universidad ECOTEC,-,-,"A-3, DELE B1"
숭실대,남미,우루과이,,Universidad Tecnológica,-,-,A-3
숭실대,남미,칠레,,Andrés Bello National University ,-,-,"A-3, DELE B1"
숭실대,남미,칠레,,University Finis Terrae,-,-,DELE B2
숭실대,남미,콜롬비아,,The University of La Sabana ,-,-,"A-3, DELE B1"
숭실대,남미,페루,,St. Ignacio de Loyola University,-,-,"A-3, DELE B1"
숭실대,남미,페루,,Peruvian University of Applied Sciences,-,-,A-3
숭실대,아시아,대만,,National Central University(國立中央大學),-,-,"B-3, A-4"
숭실대,아시아,대만,,Soochow University(東吳大學),-,-,"B-3, A-4"
숭실대,아시아,대만,,National Chung Cheng University(國立中正大學),-,-,"B-3, A-4"
숭실대,아시아,대만,,Tunghai University(東海大學),-,-,"B-3, A-4"
숭실대,아시아,대만,,Providence University(靜宜大學),-,-,"B-3, A-4"
숭실대,아시아,대만,,Fu Jen Catholic University(輔仁大學),-,-,"B-3, A-2"
숭실대,아시아,대만,,Aletheia University(真理大學),-,-,"B-3, A-4"
숭실대,아시아,대만,,Chang Jung Christian University(長榮大學),-,-,
숭실대,아시아,대만,,National University of Kaohsiung,-,-,B-2
숭실대,아시아,말레이시아,,University of Malaya,-,-,A-2
숭실대,아시아,말레이시아,,Multimedia University,-,-,A-3
숭실대,아시아,말레이시아,,Universitiy Tenaga Nasional,-,-,A-3
숭실대,아시아,말레이시아,,Taylor's University,-,-,A-1
숭실대,아시아,말레이시아,,Universiti Kuala Lumpur,-,-,A-3
숭실대,아시아,말레이시아,,Universiti Tunku Abdul Rahman Kampar Malaysia,-,-,A-1
숭실대,아시아,베트남,,Hanoi University of Science and Technology,-,-,베트남어 가능자
숭실대,아시아,베트남,,National University of Hochi minh city,-,-,
숭실대,아시아,베트남,,Ton Duc Thang University,-,-,A-4
숭실대,아시아,몽골,,Mongolia International University,-,-,"TOEIC 700
TOEIC IBT 70"
숭실대,아시아,몽골,,Ikh Zasag International University,-,-,
숭실대,아시아,몽골,,University of Finance and Economics,-,-,
숭실대,아시아,우즈베키스탄,,Tashkent University of Information Technologies,-,-,A-3
숭실대,아시아,인도,,Christ University,-,-,A-3
숭실대,아시아,인도,,Vignan's University,-,-,
숭실대,아시아,인도,,MIT Art Design and Technology University,-,-,A-4
숭실대,아시아,인도,,Sathyabama University,-,-,A-4
숭실대,아시아,인도네시아,,Petra Christian University,-,-,A-3
숭실대,아시아,인도네시아,,Pelita Harapan University,-,-,A-3
숭실대,아시아,인도네시아,,Binus University,-,-,A-3
숭실대,아시아,인도네시아,,University of Indonesia,-,-,A-3
숭실대,아시아,인도네시아,,"Atma Jaya University, Yogyakarta",-,-,A-3
숭실대,아시아,일본,,Meiji Gakuin University(明治学院大学),-,-,C-2
숭실대,아시아,일본,,Sapporo Gakuin University(札幌学院大学),-,-,C-2
숭실대,아시아,일본,,J. F. Oberlin University(桜美林大学),-,-,C-2
숭실대,아시아,일본,,"Osaka University of Economics and Law
(大阪経済法科大学)",-,-,C-2
숭실대,아시아,일본,,Momoyama Gakuin University(桃山学院大学),-,-,C-2
숭실대,아시아,일본,,Shinshu University,-,-,C-2
숭실대,아시아,일본,,Teikyo University,-,-,C-2
숭실대,아시아,일본,,Otsuma Women's University ,-,-,C-2
숭실대,아시아,일본,,Nagoya University of Foreign Studies,-,-,A-2 or C-2
숭실대,아시아,일본,,Kanda University of International Studies,-,-,C-2
숭실대,아시아,일본,,Setsunan University,-,-,C-2
숭실대,아시아,일본,,Nagoya Gakuin University,-,-,A-5 or C-2
숭실대,아시아,중국,,Jilin Normal University(吉林师范大学),-,-,B-3
숭실대,아시아,중국,,Nanjing University(南京大学),-,-,"B-1, A-1"
숭실대,아시아,중국,,Dalian Minzu University(大连民族学院),-,-,B-3
숭실대,아시아,중국,,"College of Humanities & Sciences of 
Northeast Normal University
(东北师范大学人文学院)",-,-,B-3
숭실대,아시아,중국,,Donghua University (东华大学),-,-,"B-2, A-2"
숭실대,아시아,중국,,"Beijing University of Posts and Telecommunications
(北京邮电大学)",-,-,B-3
숭실대,아시아,중국,,"Shandong University, Weihai(山东大学, 威海)",-,-,B-3
숭실대,아시아,중국,,Shandong Normal University(山东师范大学),-,-,B-3
숭실대,아시아,중국,,China Three Gorges University(三峡大学),-,-,"B-2, A-2"
숭실대,아시아,중국,,Northwestern Polytechnical University(西北工业大学),-,-,"A-4, B-3"
숭실대,아시아,중국,,Shenyang Aerospace University(沈阳航空航天大学),-,-,B-3
숭실대,아시아,중국,,Shenzhen University(深圳大学),-,-,B-3
숭실대,아시아,중국,,Yangtze University(长江大学),-,-,B-3
숭실대,아시아,중국,,Jinan University(暨南大学),-,-,"A-3, B-3"
숭실대,아시아,중국,,Changshu Institute Of Technology(常熟理工学院),-,-,B-3
숭실대,아시아,중국,,Yantai University(烟台大学),-,-,B-3
숭실대,아시아,중국,,Zhengzhou University of Light Industry (郑州轻工业学院),-,-,"A-5, B-3"
숭실대,아시아,중국,,Xi'an International Studies University (西安外国语大学),-,-,"A-5, B-3"
숭실대,아시아,중국,,Qingdao Agricultural University (青岛农业大学),-,-,"A-5, B-3"
숭실대,아시아,중국,,Henan University,-,-,B-3
숭실대,아시아,방글라데시,,Daffodil International University,-,-,A-3
숭실대,아시아,라오스,,Logos College,-,-,A-4
숭실대,아시아,카자흐스탄,,Kazakh-British Technical University,-,-,A-3
숭실대,아시아,태국,,Payap University ,-,-,A-2
숭실대,아시아,태국,,Sirindhorn International Institute of Technology,-,-,A-4
숭실대,아시아,홍콩,,Lingnan University(嶺南大學),-,-,A-1
숭실대,아시아,홍콩,,The Education University of Hong Kong(香港教育學院),-,-,A-2
숭실대,아시아,홍콩,,The Hong Kong Polytechnic University(香港理工大学),-,-,A-2
숭실대,아시아,홍콩,,Hong Kong Baptist University ,-,-,ACUCA 홈페이지에서 사전 확인
숭실대,아시아,홍콩,,"Chinese University of Hong Kong, Chung Chi College",-,-,ACUCA 홈페이지에서 사전 확인
숭실대,아시아,홍콩,,Lingnan University(嶺南大學),-,-,ACUCA 홈페이지에서 사전 확인
숭실대,아시아,인도,,Christ University,-,-,ACUCA 홈페이지에서 사전 확인
숭실대,아시아,인도,,Lady Doack College,-,-,ACUCA 홈페이지에서 사전 확인
숭실대,아시아,인도네시아,,Atma Jaya Catholic University Indonesia ,-,-,ACUCA 홈페이지에서 사전 확인
숭실대,아시아,인도네시아,,Atma Jaya Catholic University Yogyakarta,-,-,ACUCA 홈페이지에서 사전 확인
숭실대,아시아,인도네시아,,Maranatha Christian University ,-,-,ACUCA 홈페이지에서 사전 확인
숭실대,아시아,인도네시아,,Sanata Dharma University ,-,-,ACUCA 홈페이지에서 사전 확인
숭실대,아시아,인도네시아,,Soegijapranata Catholic University ,-,-,ACUCA 홈페이지에서 사전 확인
숭실대,아시아,인도네시아,,Parahyangan Catholic University,-,-,ACUCA 홈페이지에서 사전 확인
숭실대,아시아,인도네시아,,Petra Christian University,-,-,ACUCA 홈페이지에서 사전 확인
숭실대,아시아,인도네시아,,Satya Wacana Christian University ,-,-,ACUCA 홈페이지에서 사전 확인
숭실대,아시아,인도네시아,,Duta Wacana Christian University ,-,-,ACUCA 홈페이지에서 사전 확인
숭실대,아시아,인도네시아,,Pelita Harapan University,-,-,ACUCA 홈페이지에서 사전 확인
숭실대,아시아,인도네시아,,Krida Wacana Christian University ,-,-,ACUCA 홈페이지에서 사전 확인
숭실대,아시아,인도네시아,,Dhyana Pura University ,-,-,ACUCA 홈페이지에서 사전 확인
숭실대,아시아,미얀마 ,,Myanmar Institute of Theology ,-,-,ACUCA 홈페이지에서 사전 확인
숭실대,아시아,일본,,International Christian University,-,-,ACUCA 홈페이지에서 사전 확인
숭실대,아시아,일본,,Kwansei Gakuin University,-,-,ACUCA 홈페이지에서 사전 확인
숭실대,아시아,일본,,Aoyama Gakuin University,-,-,ACUCA 홈페이지에서 사전 확인
숭실대,아시아,일본,,Meiji Gakuin University(明治学院大学),-,-,ACUCA 홈페이지에서 사전 확인
숭실대,아시아,일본,,Momoyama Gakuin University ,-,-,ACUCA 홈페이지에서 사전 확인
숭실대,아시아,일본,,Doshisha University ,-,-,ACUCA 홈페이지에서 사전 확인
숭실대,아시아,일본,,JF Oberlin University ,-,-,ACUCA 홈페이지에서 사전 확인
숭실대,아시아,일본,,Osaka Jogakuin ,-,-,ACUCA 홈페이지에서 사전 확인
숭실대,아시아,일본,,Hiroshima Jogakuin University ,-,-,ACUCA 홈페이지에서 사전 확인
숭실대,아시아,일본,,Kobe College,-,-,ACUCA 홈페이지에서 사전 확인
숭실대,아시아,일본,,Seinan Gakuin University,-,-,ACUCA 홈페이지에서 사전 확인
숭실대,아시아,일본,,Sophia University,-,-,ACUCA 홈페이지에서 사전 확인
숭실대,아시아,일본,,Nanzan University,-,-,ACUCA 홈페이지에서 사전 확인
숭실대,아시아,필리핀,,Ateneo De Manila University,-,-,ACUCA 홈페이지에서 사전 확인
숭실대,아시아,필리핀,,Central Phillippine University,-,-,ACUCA 홈페이지에서 사전 확인
숭실대,아시아,필리핀,,De La Salle University ,-,-,ACUCA 홈페이지에서 사전 확인
숭실대,아시아,필리핀,,Filamer Christian University ,-,-,ACUCA 홈페이지에서 사전 확인
숭실대,아시아,필리핀,,Silliman University,-,-,ACUCA 홈페이지에서 사전 확인
숭실대,아시아,필리핀,,Trinity University of Asia ,-,-,ACUCA 홈페이지에서 사전 확인
숭실대,아시아,필리핀,,Miriam College,-,-,ACUCA 홈페이지에서 사전 확인
숭실대,아시아,필리핀,,Philippine Christian University ,-,-,ACUCA 홈페이지에서 사전 확인
숭실대,아시아,필리핀,,De La Salle University - Dasmarinas,-,-,ACUCA 홈페이지에서 사전 확인
숭실대,아시아,필리핀,,Assumption College,-,-,ACUCA 홈페이지에서 사전 확인
숭실대,아시아,필리핀,,La Consolacion University ,-,-,ACUCA 홈페이지에서 사전 확인
숭실대,아시아,필리핀,,Phillippine Women's University,-,-,ACUCA 홈페이지에서 사전 확인
숭실대,아시아,필리핀,,St. Paul University Phillippines,-,-,ACUCA 홈페이지에서 사전 확인
숭실대,아시아,대만,,Chung Yuan Christian University,-,-,ACUCA 홈페이지에서 사전 확인
숭실대,아시아,대만,,WenZao Ursuline College of Languages,-,-,ACUCA 홈페이지에서 사전 확인
숭실대,아시아,대만,,St. John's University,-,-,ACUCA 홈페이지에서 사전 확인
숭실대,아시아,대만,,Chang Jung Christian University(長榮大學),-,-,ACUCA 홈페이지에서 사전 확인
숭실대,아시아,대만,,Chung Yuan Christian University,-,-,ACUCA 홈페이지에서 사전 확인
숭실대,아시아,대만,,Fu Jen Catholic University(輔仁大學),-,-,ACUCA 홈페이지에서 사전 확인
숭실대,아시아,대만,,Soochow University(東吳大學),-,-,ACUCA 홈페이지에서 사전 확인
숭실대,아시아,대만,,Providence University(靜宜大學),-,-,ACUCA 홈페이지에서 사전 확인
숭실대,아시아,대만,,Tunghai University(東海大學),-,-,ACUCA 홈페이지에서 사전 확인
숭실대,아시아,대만,,Aletheia University(真理大學),-,-,ACUCA 홈페이지에서 사전 확인
숭실대,아시아,대만,,Payap University ,-,-,ACUCA 홈페이지에서 사전 확인
숭실대,아시아,태국,,Assumption University,-,-,ACUCA 홈페이지에서 사전 확인
숭실대,아시아,태국,,Asia-Pacific International,-,-,ACUCA 홈페이지에서 사전 확인
숭실대,아시아,태국,,Christian University of Thailand,-,-,ACUCA 홈페이지에서 사전 확인
숭실대,북미,미국,,Angelo State University,-,-,"TOEFL IBT 79
ITP 550
TOEIC 800
IELTS 6.5"
숭실대,북미,미국,,Northwest University,-,-,TOEFL IBT 80
숭실대,북미,미국,,Black Hills State University,-,-,"TOEFL IBT 61
TOEFL ITP 500
IELTS 5.5
TOEIC 600"
숭실대,북미,미국,,University of Mississippi,-,-,"TOEFL IBT 79
TOEFL ITP 550
IELTS 6.0"
숭실대,북미,미국,,SUNY Stony Brook,-,-,"TOEFL IBT 80
IELTS 6.5"
숭실대,북미,미국,,Emporia State University,-,-,"TOEFL IBT 72
TOEFL ITP 530
IELTS 6.0"
숭실대,북미,미국,,Oklahoma State University,-,-,"TOEFL IBT 61
IELTS 5.5"
숭실대,북미,미국,,Otterbein University,-,-,"TOEFL IBT 79
TOEFL ITP 550
IELTS 6.5"
숭실대,북미,미국,,Illinois Institute of Technology,-,-,"TOEFL IBT 80
IELTS 6.5"
숭실대,북미,미국,,University of California at Riverside,-,-,"TOEFL IBT 80
IELTS 7.0"
숭실대,북미,미국,,"California State University, Monterey Bay",-,-,"TOEFL IBT 61
 IELTS 6.0"
숭실대,북미,미국,,"California State University, Bakersfield",-,-,"TOEFL IBT 61
 IELTS 6.0"
숭실대,북미,미국,,University of Nebraska at Kearney,-,-,"TOEFL IBT 61
 IELTS 5.5"
숭실대,북미,미국,,Temple University,-,-,"TOEFL IBT 79
IELTS 6.0"
숭실대,북미,미국,,"Boston University, MET",-,-,"TOEFL IBT 85
IETLS 7.0"
숭실대,북미,미국,,San Francisco State University,-,-,"iBT 75, IELTS 6.0"
숭실대,북미,캐나다,,Vancouver Island University,-,-,"TOEFL IBT 80
(각 영역별 19이상)"
숭실대,유럽,영국,,University of Leicester,-,-,IELTS 6.5
숭실대,유럽,영국,,University of Manchester,-,-,"지원학과별 
어학점수 상이
(링크 통해 확인)"
숭실대,유럽,영국,,Heriot-Watt University,-,-,IELTS 6.5
숭실대,오세아니아,호주,,Bond University,-,-,"지원학과별 
TOEFL점수 상이
(링크 통해 확인)"
숭실대,오세아니아,호주,,The University of Adelaide,-,-,"TOEFL IBT 79 
IELTS 6.5"
숭실대,아시아,일본,,Shinshu University,-,-,없음
숭실대,아시아,인도,,University of Hyderabad,-,-,"TOEFL IBT 75
IELTS 5.0
TOEIC 850"
숭실대,북미,미국,,American University ,-,-,참조 : http://korea.studyabroadfoundation.org/apply_now/saf_application_form_instructions.php
숭실대,북미,미국,,Arizona State University ,-,-,참조 : http://korea.studyabroadfoundation.org/apply_now/saf_application_form_instructions.php
숭실대,북미,미국,,"California State University, Long Beach",-,-,참조 : http://korea.studyabroadfoundation.org/apply_now/saf_application_form_instructions.php
숭실대,북미,미국,,"California State University, San Marcos ",-,-,참조 : http://korea.studyabroadfoundation.org/apply_now/saf_application_form_instructions.php
숭실대,북미,미국,,"Columbia University, Columbia College",-,-,참조 : http://korea.studyabroadfoundation.org/apply_now/saf_application_form_instructions.php
숭실대,북미,미국,,Johns Hopkins University ,-,-,참조 : http://korea.studyabroadfoundation.org/apply_now/saf_application_form_instructions.php
숭실대,북미,미국,,Michigan State University ,-,-,참조 : http://korea.studyabroadfoundation.org/apply_now/saf_application_form_instructions.php
숭실대,북미,미국,,University of Arkansas ,-,-,참조 : http://korea.studyabroadfoundation.org/apply_now/saf_application_form_instructions.php
숭실대,북미,미국,,"University of Colorado, Boulder ",-,-,참조 : http://korea.studyabroadfoundation.org/apply_now/saf_application_form_instructions.php
숭실대,북미,미국,,"University of Hawaii, Hilo ",-,-,참조 : http://korea.studyabroadfoundation.org/apply_now/saf_application_form_instructions.php
숭실대,북미,미국,,University of Mississippi,-,-,참조 : http://korea.studyabroadfoundation.org/apply_now/saf_application_form_instructions.php
숭실대,북미,미국,,University of Montana ,-,-,참조 : http://korea.studyabroadfoundation.org/apply_now/saf_application_form_instructions.php
숭실대,북미,미국,,"University of Nevada, Reno ",-,-,참조 : http://korea.studyabroadfoundation.org/apply_now/saf_application_form_instructions.php
숭실대,북미,미국,,University of Oregon ,-,-,참조 : http://korea.studyabroadfoundation.org/apply_now/saf_application_form_instructions.php
숭실대,북미,미국,,University of Pennsylvania ,-,-,참조 : http://korea.studyabroadfoundation.org/apply_now/saf_application_form_instructions.php
숭실대,북미,미국,,"University of Wisconsin, Madison ",-,-,참조 : http://korea.studyabroadfoundation.org/apply_now/saf_application_form_instructions.php
숭실대,유럽,영국,,University College London,-,-,참조 : http://korea.studyabroadfoundation.org/apply_now/saf_application_form_instructions.php
숭실대,유럽,영국,,University of Bristol,-,-,참조 : http://korea.studyabroadfoundation.org/apply_now/saf_application_form_instructions.php
숭실대,유럽,영국,,University of Edinburgh,-,-,참조 : http://korea.studyabroadfoundation.org/apply_now/saf_application_form_instructions.php
숭실대,유럽,영국,,University of Glasgow,-,-,참조 : http://korea.studyabroadfoundation.org/apply_now/saf_application_form_instructions.php
숭실대,유럽,영국,,University of Manchester,-,-,참조 : http://korea.studyabroadfoundation.org/apply_now/saf_application_form_instructions.php
숭실대,유럽,영국,,University of the Arts London,-,-,참조 : http://korea.studyabroadfoundation.org/apply_now/saf_application_form_instructions.php
숭실대,유럽,영국,,University of Westminster,-,-,참조 : http://korea.studyabroadfoundation.org/apply_now/saf_application_form_instructions.php
숭실대,유럽,아일랜드,,University College Dublin ,-,-,참조 : http://korea.studyabroadfoundation.org/apply_now/saf_application_form_instructions.php
숭실대,유럽,아일랜드 ,,University of Limerick,-,-,참조 : http://korea.studyabroadfoundation.org/apply_now/saf_application_form_instructions.php
숭실대,오세아니아,호주,,University of New South Wales,-,-,참조 : http://korea.studyabroadfoundation.org/apply_now/saf_application_form_instructions.php
숭실대,오세아니아,호주,,University of Queensland,-,-,참조 : http://korea.studyabroadfoundation.org/apply_now/saf_application_form_instructions.php
숭실대,오세아니아,뉴질랜드,,University of Otago,-,-,참조 : http://korea.studyabroadfoundation.org/apply_now/saf_application_form_instructions.php
숭실대,북미,캐나다,,University of Toronto,-,-,참조 : http://korea.studyabroadfoundation.org/apply_now/saf_application_form_instructions.php
숭실대,북미,캐나다,,Univeristy of Victoria,-,-,참조 : http://korea.studyabroadfoundation.org/apply_now/saf_application_form_instructions.php
숭실대,유럽,독일,,University of Leipzig,-,-,참조 : http://korea.studyabroadfoundation.org/apply_now/saf_application_form_instructions.php
숭실대,북미,미국,,"University of California, Berkeley  ",-,-,참조 : http://korea.studyabroadfoundation.org/apply_now/saf_application_form_instructions.php
숭실대,북미,미국,,"University of California, Davis",-,-,참조 : http://korea.studyabroadfoundation.org/apply_now/saf_application_form_instructions.php
숭실대,북미,미국,,"University of California, Los Angeles  ",-,-,참조 : http://korea.studyabroadfoundation.org/apply_now/saf_application_form_instructions.php
숭실대,북미,미국,,"University of California, San Diego  ",-,-,참조 : http://korea.studyabroadfoundation.org/apply_now/saf_application_form_instructions.php
숭실대,북미,미국,,"University of California, Santa Barbara  ",-,-,참조 : http://korea.studyabroadfoundation.org/apply_now/saf_application_form_instructions.php
숭실대,북미,미국,,San Jose State University ,-,-,참조 : http://korea.studyabroadfoundation.org/apply_now/saf_application_form_instructions.php
숭실대,북미,미국,,University of Minnesota  ,-,-,참조 : http://korea.studyabroadfoundation.org/apply_now/saf_application_form_instructions.php
숭실대,북미,미국,,"American University, Washington Semester Program ",-,-,참조 : http://korea.studyabroadfoundation.org/apply_now/saf_application_form_instructions.php
숭실대,북미,미국,,"University of Oregon, Education Internship ",-,-,참조 : http://korea.studyabroadfoundation.org/apply_now/saf_application_form_instructions.php
숭실대,유럽,영국,,University of Westminster,-,-,참조 : http://korea.studyabroadfoundation.org/apply_now/saf_application_form_instructions.php
숭실대,북미,미국,,Angelo State University,-,-,"TOEFL IBT 60
TOEFL ITP 500
TOEIC 700
IELTS 5.5"
숭실대,북미,미국,,Angelo State University,-,-,"TOEFL IBT 50
ITP 450
TOEIC 600
IELTS 4.5"
숭실대,북미,미국,,Illinois Institute of Technology,-,-,TOEIC 700
숭실대,아시아,중국,,Donghua University (东华大学),-,-,"TOEIC 800
新HSK 3급"
숭실대,북미,미국,,"University of Nevada, Las Vegas",-,-,"TOEFL IBT 61
 IELTS 6.0 
(모든분야 5.5이상)
TOEIC 650"
숭실대,북미,미국,,San Francisco State University,-,-,"iBT 75, IELTS 6.0"
인하대,북미,미국,,"University of Nevada, Las Vegas",6,무관,60
인하대,북미,미국,,"University of Nevada, Las Vegas",1,1개학기,70
인하대,북미,미국,,"University of Nevada, Las Vegas",3,1개학기,60
인하대,북미,미국,,University of Nebraska at Kearny,3,무관,70
인하대,북미,미국,,Arkansas State University,1,무관,75
인하대,북미,미국,,Arkansas State University,3,무관,80
인하대,남미,브라질,,Pontificia Universidade Catolica de Minas Gerais,5,1개학기,70
인하대,남미,브라질,,UNIVERSITY OF FORTALEZA,5,1개학기,60
인하대,북미,캐나다,,Cape Breton University,5,1개학기,65
인하대,아시아,브루나이,,Universiti Brunei Darussalam,2,무관,70
인하대,아시아,싱가폴,,Singapore Management University,2,무관,55
인하대,아시아,홍콩,,Shue Yan University,1,무관,60
인하대,아시아,홍콩,,Hang Seng Management College,6,무관,70
인하대,유럽,네덜란드,,Saxion University of Applied Sciences,3,1개학기,75
인하대,유럽,독일,,"RWU Ravensburg-Weingarten
 University of Applied Sciences ",3,무관,80
인하대,유럽,독일,,University of Oldenburg,4,무관,75
인하대,유럽,리투아니아,,Vilnius Gediminas Technical University,1,무관,70
인하대,유럽,스웨덴,,University of Gothenburg,4,1개학기,70
인하대,유럽,스위스,,Zurich University of Applied Sciences,1,무관,70
인하대,유럽,스페인,,Universidad Carlos III de Madrid,3,무관,60
인하대,유럽,오스트리아,,Graz University of Technology,7,무관,65
인하대,유럽,오스트리아,,Catholic Private University Linz,5,1개학기,60
인하대,유럽,오스트리아,,University of Applied Sciences Technikum Wien,2,무관,65
인하대,유럽,포르투갈,,"Faculdade de Arquitetura
Universidade de Lisboa",2,1개학기,65
인하대,유럽,포르투갈,,ISEG - Lisbon School of Economics & Management,3,1개학기,55
인하대,유럽,폴란드,,Warsaw University of Technology,3,1개학기,70
인하대,유럽,프랑스,,Ecole Superieure des Sciences Commerciales d'Anger,3,무관,75
인하대,유럽,헝가리,,Budapest University of Technology and Economics,2,무관,70
인하대,아시아,대만,,Kainan University,5,무관,70
인하대,아시아,대만,,National Sun Yat-sen University,2,1개학기,70
인하대,아시아,대만,,National Central University,1,무관,75
인하대,아시아,대만,,National Chung Cheng University,3,무관,70
인하대,아시아,대만,,Soochow University,5,1개학기,70
인하대,아시아,중국,,Jiangnan University,6,무관,65
인하대,아시아,중국,,Guangdong University of Foreign Studies,2,1개학기,65
인하대,아시아,중국,,Jilin University,4,1개학기,60
인하대,아시아,중국,,Nanjing Normal University,3,무관,60
인하대,아시아,중국,,Dalian University of Technology,3,무관,70
인하대,아시아,중국,,Donghua University,1,1개학기,60
인하대,아시아,중국,,Beijing Language and Culture University,3,1개학기,70
인하대,아시아,중국,,Shandong University,2,1개학기,75
인하대,아시아,중국,,"Shandong University, Weihai",3,무관,80
인하대,아시아,중국,,Yantai University,2,무관,70
인하대,아시아,중국,,Chang'an University,5,1개학기,60
인하대,아시아,중국,,Chongqing University of Posts & Telecommunications,10,1개학기,65
인하대,아시아,중국,,Minzu University of China,5,무관,70
인하대,아시아,중국,,Henan Polytechnic University,5,무관,55
인하대,아시아,중국,,"Harbin Institute of Technology, Weihai",10,무관,60
고려대,아시아,중국,,Jilin University,2,1학기 또는 1년,"▶ TOEFL IBT 79 
▶ IELTS 6.0"
고려대,아시아,중국,,Chongqing University,2,1학기 또는 1년," 1. 전공수업: HSK 신6급 필요
 2. 어학코스: HSK성적 필요없음                                                   3. 영강수강: TOEFL 80 or IELTS 6"
고려대,아시아,중국,,East China Normal University,3,1학기," 1. 전공수업: HSK 신6급 필요
 2. 어학코스: HSK성적 필요없음                            
 3. 영강수강: IELTS 6 or equivalent"
고려대,아시아,중국,,Nanjing Normal University,2,1학기 또는 1년," 1. 전공수업: HSK 신6급 필요
 2. 어학코스: HSK성적 필요없음"
고려대,아시아,중국,,Xiamen University,2,1학기 또는 1년,"1. 전공수업: HSK 신6급(220) 필요
2. 어학코스: HSK성적 필요없음                                                    3. 영강수강(전공): TOEFL IBT 80 or IELTS 6.0"
고려대,아시아,중국,,Shandong University,5,1학기 또는 1년," 1. 전공수업: HSK 신6급 필요
 2. 어학코스: HSK성적 필요없음"
고려대,아시아,중국,,Beijing Normal University,3,"
1학기"," 1. 전공수업: HSK 신6급 필요
 2. 어학코스: HSK성적 필요없음
 3. 영강수강(전공):IELTS 6.0 or TOEFL 550(PBT), 213(CBT), 79(IBT)"
고려대,아시아,중국,,Nankai University,2,1학기 또는 1년,"1. 전공수업: HSK 신6급 필요
2. 어학코스: HSK성적 필요없음"
고려대,아시아,중국,,Renmin University of China,5,"
1학기"," 1. 전공수업: HSK 신6급 필요
 2. 어학코스: HSK성적 필요없음
3. 영강수강(전공): TOEFL 70 or IELTS 6.0"
고려대,아시아,중국,,Northeast Normal University,2,1학기 또는 1년," 1. 전공수업: HSK 신6급 필요
 2. 어학코스: HSK성적 필요없음
3. 영강수강(전공): TOEFL 80 or IELTS 6.0"
고려대,아시아,중국,,Southern University of Science and Technology,3,1학기 또는 1년,"1. 전공수업: HSK 신6급 필요
2. 어학코스: HSK성적 필요없음"
고려대,아시아,홍콩,,City University of Hong Kong,3,1학기 또는 1년,"1. 전공수업: HSK 신6급 필요
2. 어학코스: HSK성적 필요없음
3. 영강수강(전공): TOEFL 80 or IELTS 6.0"
고려대,아시아,홍콩,,The Chinese University of Hong Kong,6,1학기 또는 1년," 1. 전공수업: HSK 6급 필요
 2. 어학코스: HSK성적 필요없음.
  3. 영강수강(전공): TOEFL 80 or IELTS 6.0"
고려대,아시아,홍콩,,The Hong Kong University of Science and Technology,5,1학기," 1. 전공수업: HSK 신6급 필요
2. 영강수강:TOEFL 75 or IELTS 6
3. 어학코스:  HSK성적 필요없음
 (어학코스만 수강하기에는 개설과목 부족함)"
고려대,아시아,인도네시아,,Universitas Indonesia,2,1학기 또는 1년,"1. 전공수업: TOEFL 530(PBT)/71(IBT) or IELTS 6.0
** 전공강의는 100% 영강임 
2. 어학코스: 어학공인성적 필요 없음"
고려대,아시아,일본,,Aoyama Gakuin University,4,1학기 또는 1년,"1. 전공수업: HSK 신6급 필요
2. 어학코스: HSK성적 필요없음."
고려대,아시아,일본,,Chuo University,2,1년," 1. 전공수업: HSK 신6급 필요
 2. 어학코스: HSK성적 필요없음
3. 영강수강(전공): IELTS 6.5"
고려대,아시아,일본,,Daito Bunka University,2,1학기 또는 1년,"1. 전공수업: HSK 신6급 필요
2. 어학코스: HSK성적 필요없음
 3. 영강수강: TOEFL 80 or IELTS 6"
고려대,아시아,일본,,Doshisha University,2,1학기 또는 1년," 1. 전공수업: HSK 신6급 필요
 2. 어학코스: HSK성적 필요없음."
고려대,아시아,일본,,Gifu University,1,1학기 또는 1년," 1. 전공수업: HSK 신6급 필요
 2. 어학코스: HSK성적 필요없음"
고려대,아시아,일본,,Hitotsubashi University,2,1학기 또는 1년," 1. 전공수업: HSK 신6급 필요
 2. 어학코스: HSK성적 필요없음
3. 영강수강(전공): TOEFL 80 or IELTS 6.0"
고려대,아시아,일본,,International Christian University,4,"
1학기","▶TOEFL: 79 
▶IELTS: 6.5
▶Students who wish to apply for law courses must meet School of Law's English requirement of TOEFL 100 (internet-based test) or IELTS 7. "
고려대,아시아,일본,,Kyoto University,1,1학기 또는 1년,"▶TOEFL: 79
▶ IELTS: 6"
고려대,아시아,일본,,Kyushu University,3,1학기 또는 1년,"▶TOEFL: 80
▶ IELTS: 6"
고려대,아시아,일본,,Meiji University,2,1학기 또는 1년,"▶TOEFL: 93
▶ IELTS: 6.5

Some faculties have higher standards: Please refer to https://aal.hku.hk/studyabroad/avail_program.php?id=13&type=incoming"
고려대,아시아,일본,,Osaka University,4,1학기 또는 1년,"▶ 일어강의 희망자 JLPT N2 (+have studied Japanese for 1 year)

▶ 영어강의 희망자 TOEFL IBT 79 or IELTS 6.0"
고려대,아시아,일본,,Rikkyo University,2,1학기 또는 1년,"▶ 공지사항에 나와있는 비영어권 교환학교 기본 지원 조건 필히 참조 (중급) - minimum of one year's study of Japanese at the college level

* Science & Engineering major는 JLPT N2도 함께 필요함"
고려대,아시아,일본,,The University of Tokyo,1,1학기 또는 1년,"▶ CGE Program: 
TOEFL: 79 or  IELTS: 6.0

▶ CJLC Program: 
공지사항에 나와있는 비영어권 교환학교 기본 지원 조건 필히 참조 (중급) - 또한 지원 당시 minimum of one year's study of Japanese at the college level이 있어야 함"
고려대,아시아,일본,,Waseda University,15,1학기 또는 1년,JLPT N2
고려대,아시아,일본,,Kindai University,2,1학기,JLPT N2
고려대,아시아,일본,,Kyushu International University,2,1학기 또는 1년,"▶ English
TOEFL: 79 or IELTS: 6.0

▶ Japanese
JLPT N2"
고려대,아시아,일본,,Ritsumeikan Asia Pacific University,4,1학기 또는 1년,"[HUSTEP] TOEFL79 or IELTS6.5
[JLCSP, SAS] JLPT N2"
고려대,아시아,일본,,Saitama University,3,1학기 또는 1년,"▶ 일어강의 희망자 : JLPT N1 

▶ 영어강의 희망자 : IBT 79 or IELTS 6.0"
고려대,아시아,싱가폴,,"Nanyang Technological University

경영학 전공자/생명과학대학 전공자 지원불가
(단과대 교환프로그램을 통해 지원)",4,1학기 또는 1년,"
▶ 일어강의 희망자 : JLPT N2 or
*공지사항에 나와있는 비영어권 교환학교 기본 지원 조건 필히 참조 바람(중급)

▶ 영어강의 희망자 : TOEFL IBT 79"
고려대,아시아,싱가폴,,"National University of Singapore

경영학 전공자 지원불가
(경영학 전공자는 경영대 교환프로그램을 통해 지원)",10,1학기 또는 1년,"▶ 일어강의 희망자 : *공지사항에 나와있는 비영어권 교환학교 기본 지원 조건 필히 참조 바람(중급)

▶ 영어강의 희망자 : TOEFL IBT 79 or IELTS 6.0"
고려대,아시아,싱가폴,,Singapore Management University,5,1학기 또는 1년,"
▶ GEA Program:
- 일본어 강의 희망자 : JLPT N1
-영어 강의 희망자 : TOE리 79 or IELTS 6.5


▶ KUINEP Program:
TOEFL 79
"
고려대,아시아,대만,,National University of Kaohsiung,2,1학기 또는 1년,"
[JTW]
TOEFL 79 or IELTS 6.0

[Regular]
Courses in Japanese: JLPT N1
Courses in English: TOEFL 79 or IELTS 6.0"
고려대,아시아,대만,,National Yang Ming Chiao Tung University,2,1학기,"▶ 일어강의 희망자 : JLPT N2

▶ 영어강의 희망자 : TOEFL IBT 79 or IELTS 6.0

*단과대학별로 요구하는 점수가 더 높은 경우가 있으므로 본인 전공에 따라 파견교 정보 반드시 참고 후 지원할 것. 

(Application Guideline 3~4, 7~8page 참조)
https://www.meiji.ac.jp/cip/english/prospective/co7mm90000000461-att/co7mm900000004d1.pdf"
고려대,유럽,오스트리아,,Salzburg University of Applied Sciences,3,1학기,"▶ 일어강의 희망자 : JLPT N1

▶ 영어강의 희망자 : TOEFL IBT 79 or IELTS 6.0"
고려대,유럽,오스트리아,,University of Vienna,3,"
1학기","*공지사항에 나와있는 비영어권 교환학교 기본 지원 조건 필히 참조 바람(중급) 

(추후 반드시 릿쿄대학 도착 후 실시하는 배치고사에서 J6 이상을 받아야 함)"
고려대,유럽,벨기에,,Vrije Universiteit Brussel,3,"
1학기","▶ IJL Program:
공지사항에 나와있는 비영어권 교환학교 기본 지원 조건 필히 참조 바람(중급)

▶ OSE or BT:
TOEFL IBT 79"
고려대,유럽,체코,,Charles University,1,"
1학기","▶ 일어강의 희망자 JLPT N1

▶ 영어강의 희망자 TOEFL IBT 90 (Speaking, Writing 각각 20 이상), IELTS 6.5 이상

▶ 대학원생의 경우 단과대학 별로 자격요건이 상이하므로 사전에 확인 필수 (링크 확인: https://www.u-tokyo.ac.jp/content/400032478.pdf)"
고려대,유럽,덴마크,,Aalborg University,4,1학기,"
▶ 일어강의 희망자 : JLPT N1 

▶ 영어강의 희망자 : IBT 80 or IELTS 6.5

*단과대학별로 요구하는 점수가 더 높은 경우가 있으므로 본인 전공에 따라 파견교 정보 반드시 참고 후 지원할 것. 

-Graduate: vary by Graduate School. please see; https://www.u-tokyo.ac.jp/content/400032478.pdf"
고려대,유럽,덴마크,,Aarhus University,4,"
1학기","▶ 일어강의 희망자 : JLPT N2 

▶ 영어강의 희망자 : TOEFL iBT 80  "
고려대,유럽,덴마크,,Copenhagen Business School,3,"
1학기","▶ TOEFL: 90
▶ IELTS: 6.0 (a minimum of 6 for the Writing sub-test) 

http://global.ntu.edu.sg/GMP/GEMTrailblazer/GEMTrailblazerexchange/Whenyouapply/Pages/ApplicationCriteria.aspx"
고려대,유럽,덴마크,,University of Copenhagen,3,"
1학기","▶ TOEFL 79 
▶ IELTS 6.0"
고려대,유럽,에스토니아,,Tallinn University of Technology,2,"
1학기","▶ TOEFL: 79
▶ IELTS: 6.5 "
고려대,유럽,핀란드,,Hanken School of Economics,8,"
1학기","▶TOEFL 79
▶IELTS 6.0 

- Depends on different departments "
고려대,유럽,핀란드,,University of Helsinki,4,"
1학기","▶ English Proficiency: TOEFL iBT 80 or IELTS 6.5
▶ (1)Dept. of Chinese, (2)Dept. of East Asian Studies (3)Dept. of History : HSK 6"
고려대,유럽,프랑스,, Université Paris Diderot,4,"
1학기","▶ 영어강의 희망자: TOEFL IBT 79 or IELTS 6.0
▶ 중국어 강의 희망자: HSK 6"
고려대,유럽,프랑스,,AIX Marseille University,4,"
1학기","▶ TOEFL IBT 79 
▶ IELTS 6.0
▶ 중국어강의 희망자 : HSK 6급 "
고려대,유럽,프랑스,,IESEG School of Management (Lille - Paris),10,"
1학기","▶ TOEFL IBT 79 
▶ IELTS 6.0
▶ 태국어강의희망자: *공지사항에 나와있는 비영어권 교환학교 기본 지원 조건 필히 참조 바람(중급) "
고려대,유럽,프랑스,,INSA Lyon,5,"
1학기","TOEFL 87 or IELTS 6.0
독일어 강의 : B2 Level
*비영어권 지원자 언어 관련 지원조건 안내 필독"
고려대,유럽,프랑스,,ISC PARIS,4,"
1학기","TOEFL 80 or IELTS 6.0
독일어 강의 : B2
*비영어권 지원자 언어 관련 지원조건 안내 필독

(English, American Studies, Business, Economics, Statistics 영어성적제출필수)
(Centre of Translation Studies 독일어성적 B2 or C1 필수) 

http://international.univie.ac.at/en/incoming-students/non-eu-student-exchange-program/language-requirements-german-course/"
고려대,유럽,프랑스,,Sciences Po,6,"
1학기",TOEFL 80 or IELTS 6.0 
고려대,유럽,프랑스,,TOULOUSE BUSINESS SCHOOL,6,"
1학기",TOEFL 79 or IELTS 6.0 
고려대,유럽,프랑스,,Université Paris Nanterre,7,1년,TOEFL 88 or IELTS 6.5 
고려대,유럽,프랑스,,University of Bordeaux,4,"
1학기",TOEFL 83 or IELTS 6.5
고려대,유럽,프랑스,,University of Tours,6,"
1학기",TOEFL 91 or IELTS 7.0
고려대,유럽,독일,,Albstadt-Sigmaringen University,4,1학기,"Studies in English/American Language and Culture
Studies in Political Science
Studies in Film & Media Studies, Education, Rhetoric, and Philosophy
TOEFL iBT 80
IELTS 6.0

Studies in Library and Information Science
IELTS 6.5
TOEFL 83
"
고려대,유럽,독일,,University of Mannheim,7,1학기,TOEFL 80 or IELTS 6.0
고려대,유럽,독일,,Eberhard Karls Universität Tübingen,20,"
1학기",TOEFL 87 or IELTS 6.5 
고려대,유럽,독일,,Freie Universitaet Berlin ,4,"
1학기","TOEFL 80 or IELTS 6.5
프랑스어 강의 : B2
*비영어권 지원자 언어 관련 지원조건 안내 필독"
고려대,유럽,독일,,Georg-August-Universität Göttingen,5,"
1학기",TOEFL 88 or IELTS 6.5
고려대,유럽,독일,,Gothe University Frankfurt,8,"
1학기","TOEFL 80 or IELTS 6.0
프랑스어 강의 : B1
*비영어권 지원자 언어 관련 지원조건 안내 필독"
고려대,유럽,독일,,Humboldt-Universität zu Berlin,4,"
1학기","프랑스어 강의 : B2
*비영어권 지원자 언어 관련 지원조건 안내 필독"
고려대,유럽,독일,,Neu-Ulm University of Applied Sciences,3,"
1학기","TOEFL  88 or  IELTS 6.5
프랑스어 강의 : B2
*비영어권 지원자 언어 관련 지원조건 안내 필독"
고려대,유럽,독일,,Otto-Friedrich-Universität Bamberg,6,"
1학기","프랑스어 강의 : TCF B1
*비영어권 지원자 언어 관련 지원조건 안내 필독"
고려대,유럽,독일,,"RWTH Aachen University
",10,"
1학기","TOEFL 85 or IELTS 6.0
프랑스어 강의 : B2
*비영어권 지원자 언어 관련 지원조건 안내 필독"
고려대,유럽,독일,,Technical University of Berlin,6,"
1학기","
TOEFL IBT 83 or IELTS 6.0
독일어 강의 : B2
*비영어권 지원자 언어 관련 지원조건 안내 필독"
고려대,유럽,독일,,Technical University of Munich ,4,"
1학기","TOEFL 88 or IELTS 6.5
독일어 강의 : B2
*비영어권 지원자 언어 관련 지원조건 안내 필독"
고려대,유럽,독일,,University of Bonn,5,"
1학기","TOEFL iBT 79 or IELTS 6.5
독일어 강의 : B2 (Goethe BE Test DAF TDN 3)
*비영어권 지원자 언어 관련 지원조건 안내 필독"
고려대,유럽,독일,,University of Regensburg,4,"
1학기","독일어 강의 : B1
*비영어권 지원자 언어 관련 지원조건 안내 필독"
고려대,유럽,독일,,Witten/Herdecke University,2,"
1학기","TOEFL IBT 88 or IELTS 6.0
독일어 강의 : B2
*비영어권 지원자 언어 관련 지원조건 안내 필독"
고려대,유럽,아이슬란드,,University of Iceland,4,1학기,"TOEFL 85 or IELTS 6.5
독일어 강의 : B1
*비영어권 지원자 언어 관련 지원조건 안내 필독"
고려대,유럽,아이슬란드,,Trinity College Dublin,6,1학기,"독일어 강의 : B1 (Division of Earth Science and Geography : B2)
*비영어권 지원자 언어 관련 지원조건 안내 필독

TOEFL80 or IELTS6.0"
고려대,유럽,아이슬란드,,University College Dublin,4,1학기,"모든 파견자  A1 (ZD A1 이상 소지 필수)
영어 강의 : TOEFL 80 or IELTS 6.0"
고려대,유럽,이탈리아,,Venice International University,20,1학기,"TOEFL 80 or IELTS 6.0
독일어 강의 : B2
*비영어권 지원자 언어 관련 지원조건 안내 필독"
고려대,유럽,이탈리아,,Alma Mater Studiorum - Università di Bologna,4,"
1학기","TOEFL 80 or IELTS 6.0
독일어 강의 : B2  
*비영어권 지원자 언어 관련 지원조건 안내 필독"
고려대,유럽,이탈리아,,Università Cattolica del Sacro Cuore,6,"
1학기","TOEFL 80 or IELTS 6.0
독일어 강의 : B1
*비영어권 지원자 언어 관련 지원조건 안내 필독"
고려대,유럽,이탈리아,,Università Commerciale Luigi Bocconi,4,"
1학기",TOEFL 79 or IELTS 6.5
고려대,유럽,이탈리아,,University of Padova,2,"
1학기",TOEFL 90(with a written score of 21) or IELTS 6.5(no individual band below 6)
고려대,유럽,이탈리아,,University of Rome Tor Vergata,5,"
1학기","TOEFL IBT 79 or IELTS 6.0
이탈리아어 강의 : B2
*비영어권 지원자 언어 관련 지원조건 안내 필독"
고려대,유럽,리투아니아,,Vytautas Magnus University,3,"
1학기","TOEFL IBT 79 or IELTS 6.0 
이탈리아어 강의 : B2
*비영어권 지원자 언어 관련 지원조건 안내 필독"
고려대,유럽,룩셈부르크,,University of Luxembourg,4,"
1학기",TOEFL 79 or IELTS 6.0
고려대,유럽,노르웨이,,University of Agder,3,"
1학기",TOEFL IBT 80 or IELTS 6.0 
고려대,유럽,폴란드,,Jagiellonian University,4,"
1학기","TOEFL 90 or IELTS 6.5
* 영어로 지원시 영강 개설과목이 충분한지 사전 확인후 지원

프랑스어 or 독일어 강의 : B2
*비영어권 지원자 언어 관련 지원조건 안내 필독"
고려대,유럽,폴란드,,University of Warsaw,2,"
1학기",TOEFL IBT 79 or IELTS 6.0 
고려대,유럽,러시아,,Moscow State University (Institute of Asian and African Studies),4,"
1학기",TOEFL IBT 80 or IELTS 6.0 
고려대,유럽,러시아,,Saint Petersburg State University,10,"
1학기",TOEFL IBT 80 or IELTS 6.0 
고려대,유럽,스페인,,Universidade de Santiago de Compostela,4,1학기,*비영어권 지원자 언어 관련 지원조건 안내 필독
고려대,유럽,스페인,,Universitat Autònoma de Barcelona,3,1학기,*비영어권 지원자 언어 관련 지원조건 안내 필독
고려대,유럽,스페인,,UNIVERSITAT POLITECNICA DE VALENCIA,4,1학기,"스페인어 강의 : B1
*비영어권 지원자 언어 관련 지원조건 안내 필독"
고려대,유럽,스페인,,Universitat Pompeu Fabra,4,1학기,"스페인어 강의 : B2
*비영어권 지원자 언어 관련 지원조건 안내 필독

영어 강의 : TOEFL IBT 87 or IELTS 6.0"
고려대,유럽,스페인,,University of Deusto,6,1학기,"TOEFL 80 or IELTS 6.0
스페인어 강의 : B1 

*비영어권 지원자 언어 관련 지원조건 안내 필독"
고려대,유럽,스페인,,University of Malaga,1,1학기,"TOEFL 79 or IELTS 6.0

스페인어 강의 : B2
*비영어권 지원자 언어 관련 지원조건 안내 필독"
고려대,유럽,스페인,,University of Navarra,5,1학기, TOEFL 80 or IELTS 6.0
고려대,유럽,스페인,,Universidad Autonoma de Madrid,2,"
1학기","TOEFL 90 (at least 20 in Written test) 
or 
IELTS 6.5 (minimum 5.5 in all elements) "
고려대,유럽,스웨덴,,Halmstad University,4,1학기,"TOEFL 82 or IELTS 6.5

*합격후 파견교 지원시 Language Proficiency Report 필수 제출
(https://lnu.app.box.com/s/7lq1znpq4tcgsxvj6f2g3x6ozs5ht45e)"
고려대,유럽,스웨덴,,Jonkoping University,6,1학기,TOEFL 90 or IELTS 6.5
고려대,유럽,스웨덴,,Linnaeus University (old Vaxjo University),4,"
1학기","TOEFL 90 (no section below 20)
or
IELTS 6.5 (no section below 5.5)"
고려대,유럽,스웨덴,,Lund University,4,"
1학기",TOEFL 90(no below 20 in written test) or IELTS 6.5 (no section below 5.5)
고려대,유럽,스웨덴,,Malmö University,10,"
1학기",TOEFL 90 or IELTS 6.5
고려대,유럽,스웨덴,,Umeå University,6,"
1학기",TOEFL IBT 88 or IELTS 6.5 
고려대,유럽,스웨덴,,University of Gothenburg,8,"
1학기","TOEFL 80 or IELTS 6.0
독일어 강의 : B2
*비영어권 지원자 언어 관련 지원조건 안내 필독

*합격후 파견교 지원시 Self Assessment 필수 제출
(http://europass.cedefop.europa.eu/resources/european-language-levels-cefr)"
고려대,유럽,스웨덴,,Uppsala University,11,"
1학기","TOEFL 88 or IELTS 6.5 

프랑스어 강의 : B2 (불어 공인언어성적 선호)
(Level A1 for classes in the School of French as a Foreign Language offered during the semester and for the Cours de vacances offered during the winter vacation. The EFLE offers only two courses for complete beginners (level A0) per semester, for a total of five ECTS credits.)

*비영어권 지원자 언어 관련 지원조건 안내 필독"
고려대,유럽,스위스,,University of Bern,7,"
1학기","TOEFL 90 or IELTS 6.5
 
독일어 강의 : C1 issued by the Goethe Institute or the German language department of the home university by a native speaker

*비영어권 지원자 언어 관련 지원조건 안내 필독
"
고려대,유럽,스위스,,University of Lausanne,5,"
1학기","TOEFL 90 
or
 IELTS 6.5 (at least 6.0 each band)   "
고려대,유럽,스위스,,University of Zurich,3,"
1학기",TOEFL 90 or IELTS 6.5
고려대,유럽,네덜란드,,Radboud University ,2,1학기,"TOEFL 90 
or 
IELTS 6.5 (minimum 6.0 in all elements)"
고려대,유럽,네덜란드,,University College Maastricht,15,1학기,"Arts : TOEFL 92 (min. 20 in all elements) or IELTS 6.5 (min 6.0 in all elements)
Mathematics & Natural Sciences (대학원생): TOEFL 92 (min. 21 in all elements) or IELTS 6.5  (min 6.0 in all elements)
Spatial Sciences :  TOEFL 92 (min. 21 in all elements) orIELTS 6.5"
고려대,유럽,네덜란드,,Vrije Universiteit Amsterdam (Free University of Amsterdam),20,1학기,"TOEFL 80 (with 20 in reading) 
or 
IELTS 6.5 "
고려대,유럽,네덜란드,,"Erasmus University Rotterdam
",7,"
1학기","*주의사항: 단과대에 따라 영어조건이 다르므로 아래의 링크를 통해 본인 전공분야별 요구사항 반드시 확인필요!
IELTS Language requirements vary depending on which school the student applies for. Please refer to the website for full details.  
www.aston.ac.uk/international-students/admissions-advice/english-language-requirements/"
고려대,유럽,네덜란드,,Leiden University,3,"
1학기",IELTS 6.0 (with min 5.5 in all elements)
고려대,유럽,네덜란드,,University of Amsterdam,8,"
1학기",IELTS 6.5 (with 5.5 in all subscores)
고려대,유럽,네덜란드,,University of Groningen,5,"
1학기",IELTS 6.5 (minimum 6.5 in each skill)
고려대,유럽,터키,,Bilkent University  ,4,"
1학기","IELTS 6.5 (with 5.5 in each component)

http://www.ed.ac.uk/studying/visiting-exchange/international-exchange/english-language-requirement 
"
고려대,유럽,영국,,Aston University,19,"
1학기",IELTS 6.0 (min. 5.5 in all elements) 
고려대,유럽,영국,,Keele University,7,1학기,IELTS 6.5 (with at least 6.0 in Reading and Writing and 5.5 in Listening and Speaking)
고려대,유럽,영국,,King's College London,3,1학기,"IELTS 6.0 (with 5.5 in all elements )
* Each department has its own requirements so must check with a relevant department."
고려대,유럽,영국,,SOAS University of London,18,1학기,IELTS 6.5 (not less than 6.0 in each section)
고려대,유럽,영국,,The University of Birmingham,9,1학기,"IELTS 6.5 (each section score 6.0 or obove)
IBT 90 (each section score 21 or above)
*Education, Management 지원 학생은 TOEFL 100점 이상"
고려대,유럽,영국,,The University of Nottingham,12,1학기,"▶TOEFL: 79 ibt
▶IELTS: 6.0 (no band less 6.0)"
고려대,유럽,영국,,University of Bristol,3,1학기,"▶TOEFL: 86 ibt (no individual score lower than 21)
▶IELTS: 6.5 (no band less 6.0)"
고려대,유럽,영국,,University of Edinburgh,3,1학기,"▶TOEFL : iBT 88 (24 Writing / 22 Speaking / 22 Reading / 20 Listening)
▶IELTS : 6.5 (with no band below 6.0)"
고려대,유럽,영국,,University of Glasgow,3,1학기,"▶TOEFL: 88 ibt (각 항목 20 이상)
▶IELTS: 6.5 (with no part less than 6.0)"
고려대,유럽,영국,,University of Kent,4,1학기,"▶TOEFL: 90 ibt (reading & listening: each 22, writing & speaking: each 21)
▶IELTS: 6.5 (with no part less than 6.0)"
고려대,유럽,영국,,University of Leeds,20,1학기,"▶TOEFL: 86 ibt
▶IELTS: 6.5"
고려대,유럽,영국,,University of Sheffield,12,1학기,"▶TOEFL: 86 ibt (minimum of 20 on each section)
▶IELTS: Band 6.5"
고려대,유럽,영국,,University of Sussex,12,1학기,"▶TOEFL: 79 ibt
▶IELTS: 6.0"
고려대,유럽,영국,,Royal Holloway University of London,4,"
1학기","▶TOEFL: 79 ibt
▶IELTS: 6.0"
고려대,북미,캐나다,,Mcgill University,4,1학기,"▶TOEFL: 80 ibt
▶IELTS: 6.5"
고려대,북미,캐나다,,"Queen's University

*Commerce(Smith School of Business)는 경영학 전공자만 지원 가능","[Arts & Science(인문&사회과학)]
5

[Commerce(Smith School of Business)(경영학)]
4",1학기,"▶TOEFL: 100 ibt
▶IELTS: 7.0 (각 항목 6.5 이상)"
고려대,북미,캐나다,,Simon Fraser University,5,1학기,"▶TOEFL: 79 ibt
▶IELTS: 6.0"
고려대,북미,캐나다,,University of Manitoba,2,1학기,▶TOEFL: 79 ibt
고려대,북미,캐나다,,"The University of British Columbia

경영대학생 지원불가
(경영대 교환프로그램을 통해 지원)",10,"
1학기","▶TOEFL: 79 ibt (minimum of 16 on each section)
▶IELTS: 6.0 (no band less than 5.5)
"
고려대,북미,캐나다,,University of Calgary,4,"
1학기","▶TOEFL: 79
▶IELTS: 6.0"
고려대,북미,캐나다,,University of New Brunswick,4,"
1학기","▶TOEFL: 80 ibt
▶IELTS: 6.5"
고려대,북미,미국,,Arizona State University,5,1학기,"▶TOEFL: 85 ibt (writing : 21, speaking, reading, listening : 20)
▶IELTS: 6.5 (writing, speaking: 6.5, reading, listening: 6.0)"
고려대,북미,미국,,"Binghamton University, SUNY",4,1학기,"▶TOEFL: 100 ibt
▶IELTS: 7.0 (각 항목 6.5 이상)"
고려대,북미,미국,,California State University Fullerton,6,1학기,"▶TOEFL: 79 ibt
▶IELTS: 6.5 (각 항목 6.0 이상)"
고려대,북미,미국,,"California State University, Los Angeles (CSU, LA)",4,1학기,"▶TOEFL: 80 ibt (minimum of 20 on each section)
▶IELTS: 6.0 (minimum of 5.5 on each section)"
고려대,북미,미국,,Chapman University,1,1학기,"▶TOEFL: 79 ibt (83 for Engineering, 100 for Law)
▶IELTS: 7.0"
고려대,북미,미국,,Murray State University,1,1학기,"▶TOEFL: 79 ibt
▶IELTS: 6.5"
고려대,북미,미국,,North Dakota State Univesity,3,1학기,"▶TOEFL: 80 ibt
▶IELTS: 6.5"
고려대,북미,미국,,Stony Brook University,3,1학기,"▶TOEFL: 79 ibt
▶IELTS: Band 6.0

Note: Different departments may have higher minimum TOEFL requirements"
고려대,북미,미국,,"The George Washington University

공과대학생 지원불가
(공대 교환프로그램을 통해 지원)",2,1학기,"▶TOEFL: 80 ibt
▶IELTS: 6.5

Note: Students with TOEFL scores less than 100 or IELTS 7.0 must take the English Language Institute (ELI) placement test upon arrival to UHM. Based on the result of the placement test, they may be required to register for up to three ELI classes."
고려대,북미,미국,,The University of Texas at Austin,8,1학기,"▶TOEFL: 80 ibt
▶IELTS: 6.0 (no section below 6.0)

Note that some colleges may require higher scores
https://www.studyabroad.illinois.edu/incoming-students/incoming-application-process/instructions-components/"
고려대,북미,미국,,"University at Buffalo
 State University of New York",7,1학기,"▶TOEFL: 79 ibt (overall score with no subscore below 18)
▶IELTS - 6.5  (overall score with no subscore below 6.0)"
고려대,북미,미국,,University of Cincinnati,2,1학기,"▶TOEFL: 90 ibt (22 on each subscore)
▶IELTS: 6.5 (6.5 on each subscore)"
고려대,북미,미국,,"University of Colorado, Boulder

경영대학생 지원불가
(경영대 교환프로그램을 통해 지원)",2,1학기 또는 1년,"▶TOEFL: 80 ibt
▶IELTS: 6.0

*단과대별로 요규하는 영어점수 상이함"
고려대,북미,미국,,University of Connecticut,4,1학기,"▶TOEFL: 79 ibt
▶IELTS: 6.0"
고려대,북미,미국,,University of Hawaii at Manoa,2,1학기,"▶TOEFL: 79 ibt
▶IELTS: 6.0"
고려대,북미,미국,,University of Illinois at Urbana-Champaign,3,1학기,"▶TOEFL: 90 ibt
▶IELTS: 6.5"
고려대,북미,미국,,University of Kansas,3,1학기,"▶TOEFL: 80 ibt
▶IELTS: 6.5

Students scoring below 100 on the TOELF iBT and 7.0 on the IELTS Band score will be required to take the English Language Proficiency Test upon arrival"
고려대,북미,미국,,"University of Maryland, College Park",3,1학기,"▶TOEFL: 79 ibt
Note: Official TOEFL scores must be submitted by ETS (UIW institutional code 6303), copies will not be accepted.
▶IELTS: 6.5"
고려대,북미,미국,,University of Massachusetts Boston,3,1학기,"▶TOEFL: 90 ibt
▶IELTS: 7.0"
고려대,북미,미국,,University of Mississippi,2,1학기,"▶TOEFL: 95 ibt
▶IELTS: 6.5"
고려대,북미,미국,,"University of Missouri, Columbia",2,"
1학기","▶TOEFL: 79 ibt (합격 시 원본을 발송해야함 : institution school code for USU is 4857)
▶IELTS: Band 6.5  (minimum of 5.0 on each section)"
고려대,북미,미국,,"University of Missouri, St. Louis",2,1학기,"▶TOEFL: 79 ibt
▶IELTS: 6.0"
고려대,북미,미국,,University of Nebraska at Kearney,2,"
1학기","▶ TOEFL:  80 (Reading, Writing: 20; Listening, Speaking: 18)
▶ IELTS : 6.5 각 항목 6.0 

https://policies.anu.edu.au/ppl/document/ANUP_000408"
고려대,북미,미국,,University of North Carolina at Chapel Hill,3,1학기,"▶TOEFL: 83 (Reading 13, Writing 21, Listening 12, Speaking 18)
▶IELTS: 6.5 각 항목 6.0 

https://www.mq.edu.au/study/international-students/how-to-apply/english-language-requirements"
고려대,북미,미국,,University of Oregon,2,1학기,"▶TOEFL 79 (Reading: 13, Listening: 12, Writing: 21, Speaking: 18)
▶IELTS 6.5 각 항목 6.0

Some faculties have higher requirements as listed 
http://www.adm.monash.edu.au/admissions/undergrad/entry-requirements/english-requirements.html"
고려대,북미,미국,,University of Virginia,2,1학기,"▶TOEFL : an overall score of 79 (writing 21, reading 16, listening 16, speaking 18) 
▶IELTS : an overall band score of 6.5, no sub-score below 6.0

https://www.qut.edu.au/study/applying/study-abroad-and-exchange/study-abroad"
고려대,북미,미국,,University of Wisconsin-Madison,3,1학기,"▶ TOEFL: 85 (Writing 22; Reading, Listening, Speaking 20)
▶ IELTS:  6.5 (6.0 in each band) 

Some courses require higher standard. Please check below: 
https://sydney.edu.au/study/admissions/apply/admission-criteria/english-language-requirements.html"
고려대,북미,미국,,University of Wisconsin-Platteville,1,1학기,"▶ TOEFL: 82 (Reading 18, Writing 22, Listening 20, Speaking 20)
▶ IELTS: Overall score minimum of 6.5, no band less than 6.0 
    (must include Academic Reading and Writing modules)

More information and alternative pathway: https://study.uwa.edu.au/courses-and-careers/study-abroad-and-student-exchange/completing-exchange-at-uwa "
고려대,북미,미국,,Utah State University,1,1학기,"
▶ TOEFL: 79 (Writing 21 Speaking 18 Reading 13 Listening 13)
▶ IELTS: 6.5 (with no band less than 6.0)
https://study.unimelb.edu.au/how-to-apply/english-language-requirements"
고려대,북미,미국,,West Virginia University,2,1학기,"▶ TOEFL: 90 (Writing: 23, Reading, Listening, Speaking: 22)
▶ IELTS: 6.5 (no sub-score less than 6.0)
▶ Some dept. requires higher standard; please check below: 

https://www.unsw.edu.au/english-requirements-policy"
고려대,북미,미국,,High Point University,1,1학기,"▶ TOEFL: 87 (Writing: 21; Reading, Listening, Speaking: 19)
▶ IELTS: 6.5 (no sub-score less than 6.0)

https://future-students.uq.edu.au/applying/english-language-proficiency-requirements"
고려대,북미,미국,,Miami University,1,1학기 또는 1년,"▶TOEFL 79 (Writing: 21) 
▶IELTS 6.5 (Writing 6.0) 
Some exceptions apply: 
https://www.uts.edu.au/future-students/international/study-abroad-and-exchange-students/entry-requirements-and-costs"
고려대,북미,미국,,University of Iowa,2,1학기,"for undergraduates: 
▶IELTS (Academic) Overall score of 6.0 and no bands below 5.5 
▶Internet-based TOEFL (iBT) Overall score of 80 and a written score of 21 
for graduates: 
▶IELTS (Academic) Overall score of 6.5 and no bands below 6.0
▶Internet-based TOEFL (iBT) Overall score of 90 and a written score of 21 

please see our website for more details: www.auckland.ac.nz/is-english"
고려대,북미,미국,,Queens College CUNY,3,1학기,"For undergraduate:
▶IELTS: minimum overall score of 6.0 with no sub-score below 5.5
▶TOEFL: minimum overall score of 80 (internet-based test)

For graduate:
▶IELTS: minimum overall score of 6.5 with no sub-score below 6.0
▶TOEFL: minimum score of 90 for the internet-based test with a minimum of 20 in writing
"
고려대,북미,미국,,University of the Incarnate Word,2,1학기,"▶DELE B2

▶TOEFL: 79 ibt
▶IELTS: 6.0"
고려대,오세아니아,호주,,Queensland University of Technology,2,1학기 또는 1년,"Intermediate level of Spanish
*공지사항에 나와있는 비영어권 교환학교 기본 지원 조건 필히 참조 바람"
고려대,오세아니아,호주,,Australian National University,2,1학기 또는 1년,▶DELE B1 또는 최소 3학기 이상 스페인어 수업 수강
고려대,오세아니아,호주,,Macquarie University,2,1학기 또는 1년,▶DELE B1 또는 최소 6학기 이상 스페인어 수업 수강
고려대,오세아니아,호주,,Monash University,2,1학기 또는 1년,"Proficiency in written and oral Spanish: level B2. 
Students have to complete the Spanish Proficiency Form that can be downloaded from the Student Mobility website. However, other B2 Spanish language level certificates may also be accepted. "
고려대,오세아니아,호주,,The University of Sydney,6,1학기 또는 1년,"Intermediate level of Spanish
*공지사항에 나와있는 비영어권 교환학교 기본 지원 조건 필히 참조 바람"
고려대,오세아니아,호주,,The University of Western Australia,6,1학기 또는 1년,"Intermediate level of Spanish
*공지사항에 나와있는 비영어권 교환학교 기본 지원 조건 필히 참조 바람"
고려대,오세아니아,호주,,University of Melbourne,10,1학기 또는 1년,"Intermediate English or Spanish, depending on the courses that students are willing to take.
▶TOEFL: 79 ibt
▶IELTS: 6.0

*공지사항에 나와있는 비영어권 교환학교 기본 지원 조건 필히 참조 바람"
고려대,오세아니아,호주,,University of New South Wales,3,1학기 또는 1년,"Intermediate level (B2) of English and Spanish
*공지사항에 나와있는 비영어권 교환학교 기본 지원 조건 필히 참조 바람"
고려대,오세아니아,뉴질랜드,,The University of Auckland,6,1학기 또는 1년,"▶ 학부 일본어 강의 희망자 : *공지사항에 나와있는 비영어권 교환학교 기본 지원 조건 필히 참조 바람(중급)

▶ 영어강의 희망자 : TOEFL IBT 79 or IELTS 6.0
- 영강은 4학년 학생 중 어학 자격 요건에 부합하는 학생만 수강 가능"
고려대,오세아니아,뉴질랜드,,Victoria University of Wellington,1,"
1학기",*공지사항에 나와있는 비영어권 교환학교 기본 지원 조건 필히 참조 바람(중급) 
고려대,남미,칠레,,Universidad de los Andes,2,1학기,"
▶ TOEFL: 79 (Writing 21 Speaking 18 Reading 13 Listening 13)
▶ IELTS: 6.5 (with no band less than 6.0)
https://study.unimelb.edu.au/how-to-apply/english-language-requirements"
고려대,남미,칠레,,Universidad Del Desarrollo,2,1학기,"▶ TOEFL: 90 (Writing: 23, Reading, Listening, Speaking: 22)
▶ IELTS: 6.5 (no sub-score less than 6.0)
▶ Some dept. requires higher standard; please check below: 

https://www.unsw.edu.au/english-requirements-policy"
고려대,남미,칠레,,Universidad Mayor,2,1학기,"▶ TOEFL: 87 (Writing: 21; Reading, Listening, Speaking: 19)
▶ IELTS: 6.5 (no sub-score less than 6.0)

https://future-students.uq.edu.au/applying/english-language-proficiency-requirements"
고려대,남미,칠레,,University of Chile,2,1학기,"▶TOEFL 79 (Writing: 21) 
▶IELTS 6.5 (Writing 6.0) 
Some exceptions apply: 
https://www.uts.edu.au/future-students/international/study-abroad-and-exchange-students/entry-requirements-and-costs"
고려대,남미,멕시코,,Tecnologico de Monterrey,3,1학기,"for undergraduates: 
▶IELTS (Academic) Overall score of 6.0 and no bands below 5.5 
▶Internet-based TOEFL (iBT) Overall score of 80 and a written score of 21 
for graduates: 
▶IELTS (Academic) Overall score of 6.5 and no bands below 6.0
▶Internet-based TOEFL (iBT) Overall score of 90 and a written score of 21 

please see our website for more details: www.auckland.ac.nz/is-english"
고려대,남미,멕시코,,Universidad Nacional Autonoma de Mexico (UNAM),2,1학기,"For undergraduate:
▶IELTS: minimum overall score of 6.0 with no sub-score below 5.5
▶TOEFL: minimum overall score of 80 (internet-based test)

For graduate:
▶IELTS: minimum overall score of 6.5 with no sub-score below 6.0
▶TOEFL: minimum score of 90 for the internet-based test with a minimum of 20 in writing
"
고려대,남미,멕시코,,Universidad Panamericana,2,1학기,"▶DELE B2

▶TOEFL: 79 ibt
▶IELTS: 6.0"
고려대,남미,멕시코,,University of Colima,3,1학기,"Intermediate level of Spanish
*공지사항에 나와있는 비영어권 교환학교 기본 지원 조건 필히 참조 바람"
고려대,남미,페루,,Universidad de Lima,2,1학기,▶DELE B1 또는 최소 3학기 이상 스페인어 수업 수강
고려대,아시아,일본,,Gakushuin University,1,1학기 또는 1년,▶DELE B1 또는 최소 6학기 이상 스페인어 수업 수강
고려대,아시아,일본,,Nagoya University,1,1학기 또는 1년,"Proficiency in written and oral Spanish: level B2. 
Students have to complete the Spanish Proficiency Form that can be downloaded from the Student Mobility website. However, other B2 Spanish language level certificates may also be accepted. "
고려대,아시아,일본,,Ochanomizu University,4,1학기 또는 1년,"Intermediate level of Spanish
*공지사항에 나와있는 비영어권 교환학교 기본 지원 조건 필히 참조 바람"
고려대,아시아,일본,,Ritsumeikan University,2,1학기 또는 1년,"Intermediate level of Spanish
*공지사항에 나와있는 비영어권 교환학교 기본 지원 조건 필히 참조 바람"
고려대,아시아,대만,,National Chengchi University,8,1학기 또는 1년,"Intermediate English or Spanish, depending on the courses that students are willing to take.
▶TOEFL: 79 ibt
▶IELTS: 6.0

*공지사항에 나와있는 비영어권 교환학교 기본 지원 조건 필히 참조 바람"
고려대,아시아,대만,,National Taiwan Normal University,3,1학기 또는 1년,"Intermediate level (B2) of English and Spanish
*공지사항에 나와있는 비영어권 교환학교 기본 지원 조건 필히 참조 바람"
고려대,아시아,대만,,National Taiwan University,4,1학기 또는 1년,"▶ 학부 일본어 강의 희망자 : *공지사항에 나와있는 비영어권 교환학교 기본 지원 조건 필히 참조 바람(중급)

▶ 영어강의 희망자 : TOEFL IBT 79 or IELTS 6.0
- 영강은 4학년 학생 중 어학 자격 요건에 부합하는 학생만 수강 가능"
고려대,아시아,중국,,Nanjing University,3,1학기 또는 1년,*공지사항에 나와있는 비영어권 교환학교 기본 지원 조건 필히 참조 바람(중급) 
고려대,아시아,중국,,"The Chinese University of Hong Kong, Shenzhen",2,1학기 또는 1년,"
▶ TOEFL: 79 (Writing 21 Speaking 18 Reading 13 Listening 13)
▶ IELTS: 6.5 (with no band less than 6.0)
https://study.unimelb.edu.au/how-to-apply/english-language-requirements"
고려대,아시아,중국,,Tianjin University,2,1학기,"▶ TOEFL: 90 (Writing: 23, Reading, Listening, Speaking: 22)
▶ IELTS: 6.5 (no sub-score less than 6.0)
▶ Some dept. requires higher standard; please check below: 

https://www.unsw.edu.au/english-requirements-policy"
고려대,아시아,중국,,Zhejiang University,3,1학기,"▶ TOEFL: 87 (Writing: 21; Reading, Listening, Speaking: 19)
▶ IELTS: 6.5 (no sub-score less than 6.0)

https://future-students.uq.edu.au/applying/english-language-proficiency-requirements"
고려대,아시아,중국,,Peking University,2,1학기,"▶TOEFL 79 (Writing: 21) 
▶IELTS 6.5 (Writing 6.0) 
Some exceptions apply: 
https://www.uts.edu.au/future-students/international/study-abroad-and-exchange-students/entry-requirements-and-costs"
고려대,아시아,중국,,Fudan University,2,1학기,"for undergraduates: 
▶IELTS (Academic) Overall score of 6.0 and no bands below 5.5 
▶Internet-based TOEFL (iBT) Overall score of 80 and a written score of 21 
for graduates: 
▶IELTS (Academic) Overall score of 6.5 and no bands below 6.0
▶Internet-based TOEFL (iBT) Overall score of 90 and a written score of 21 

please see our website for more details: www.auckland.ac.nz/is-english"
고려대,아시아,홍콩,,The University of Hong Kong,2,1학기 또는 1년,"For undergraduate:
▶IELTS: minimum overall score of 6.0 with no sub-score below 5.5
▶TOEFL: minimum overall score of 80 (internet-based test)

For graduate:
▶IELTS: minimum overall score of 6.5 with no sub-score below 6.0
▶TOEFL: minimum score of 90 for the internet-based test with a minimum of 20 in writing
"
고려대,아시아,일본,,Hokkaido University,2,1학기 또는 1년,"▶DELE B2

▶TOEFL: 79 ibt
▶IELTS: 6.0"
고려대,아시아,일본,,Keio University,1,1학기 또는 1년,"Intermediate level of Spanish
*공지사항에 나와있는 비영어권 교환학교 기본 지원 조건 필히 참조 바람"
고려대,아시아,일본,,"University of Nagasaki, Siebold Campus",4,1학기 또는 1년,▶DELE B1 또는 최소 3학기 이상 스페인어 수업 수강
고려대,오세아니아,호주,,University of Technology Sydney,4,1학기 또는 1년,▶DELE B1 또는 최소 6학기 이상 스페인어 수업 수강
고려대,북미,미국,,Brandeis University,2,1학기,"Proficiency in written and oral Spanish: level B2. 
Students have to complete the Spanish Proficiency Form that can be downloaded from the Student Mobility website. However, other B2 Spanish language level certificates may also be accepted. "